,평균기온,최고기온,최저기온,평균운량,일강수량,대여율,Normalized 대여율,Normalized 최고기온
2020-03-01,5.8,10.1,3.2,8.1,0.2,65.14933333333333,0.13507001327704019,0.27671232876712326
2020-03-02,3.4,7.6,0.0,1.6,0.0,97.70933333333333,0.20968378884025096,0.20821917808219176
2020-03-03,4.8,10.5,0.3,6.5,0.0,105.192,0.22683090220883154,0.2876712328767123
2020-03-04,2.2,4.6,1.3,5.1,0.0,83.384,0.17685617194217002,0.12602739726027395
2020-03-05,1.4,6.3,2.8,0.0,0.0,95.60266666666666,0.20485619811994493,0.17260273972602738
2020-03-06,3.7,10.1,2.5,2.5,0.0,109.05866666666667,0.23569166998660843,0.27671232876712326
2020-03-07,7.0,14.2,1.3,5.4,0.0,113.01066666666667,0.24474798574292933,0.3890410958904109
2020-03-08,9.3,16.9,2.3,0.3,0.0,144.65333333333334,0.31725962053679163,0.46301369863013697
2020-03-09,11.1,17.6,4.8,6.5,0.0,141.38666666666666,0.30977379948315253,0.4821917808219178
2020-03-10,6.4,10.8,3.2,7.5,11.8,28.282666666666668,0.05058717567168489,0.2958904109589041
2020-03-11,3.8,8.3,0.0,0.0,0.0,120.65333333333334,0.26226175157128007,0.2273972602739726
2020-03-12,6.8,13.3,0.2,4.0,0.0,133.584,0.2918933811950318,0.3643835616438356
2020-03-13,4.9,8.7,0.1,6.6,0.5,116.144,0.25192826308009336,0.23835616438356164
2020-03-14,3.6,8.6,2.7,2.1,0.0,113.51733333333334,0.2459090518655346,0.2356164383561644
2020-03-15,4.0,8.5,0.2,3.1,0.0,88.57333333333334,0.18874793338737955,0.2328767123287671
2020-03-16,3.6,9.1,2.1,1.0,0.0,113.176,0.24512685995135844,0.2493150684931507
2020-03-17,6.6,12.3,3.1,4.8,0.0,125.976,0.2744590567329646,0.336986301369863
2020-03-18,10.0,17.0,2.7,0.0,0.0,165.65066666666667,0.3653766450072848,0.4657534246575342
2020-03-19,9.1,12.1,5.8,3.4,0.0,64.68266666666666,0.13400061026937746,0.33150684931506846
2020-03-20,8.8,14.0,3.1,0.4,0.0,143.57066666666665,0.3147786055590141,0.3835616438356164
2020-03-21,12.8,19.5,7.9,6.9,0.0,170.024,0.37539847890766687,0.5342465753424658
2020-03-22,11.0,16.5,6.1,0.1,0.0,171.82933333333332,0.37953554082873925,0.4520547945205479
2020-03-23,10.6,17.0,5.4,0.0,0.0,169.82933333333332,0.37495238508161327,0.4657534246575342
2020-03-24,11.4,17.9,5.3,0.0,0.0,186.66133333333335,0.41352422384942544,0.4904109589041096
2020-03-25,12.5,19.2,6.1,4.0,0.0,195.89333333333335,0.4346800707781589,0.5260273972602739
2020-03-26,14.8,20.6,8.1,6.9,1.8,127.02133333333333,0.2768545194701291,0.5643835616438356
2020-03-27,11.9,15.8,6.7,5.1,2.0,160.488,0.35354599230537026,0.4328767123287671
2020-03-28,7.7,12.8,4.5,5.1,0.0,172.472,0.3810082615421491,0.3506849315068493
2020-03-29,8.7,16.1,1.3,1.5,0.0,182.48,0.4039423729007674,0.4410958904109589
2020-03-30,10.2,16.9,4.3,0.9,0.0,184.78133333333332,0.40921605744712697,0.46301369863013697
2020-03-31,11.9,18.6,4.7,5.5,0.0,198.98933333333332,0.44177479587470986,0.5095890410958904
2020-04-01,11.3,17.4,6.0,3.5,0.0,187.35466666666667,0.4151130511750958,0.4767123287671233
2020-04-02,9.3,15.5,3.4,2.6,0.0,192.344,0.42654649704559267,0.4246575342465753
2020-04-03,10.0,16.3,5.3,1.3,0.0,199.616,0.4432108513421427,0.4465753424657534
2020-04-04,8.9,13.3,5.0,0.8,0.0,177.08,0.3915678523835273,0.3643835616438356
2020-04-05,7.2,13.7,1.9,0.0,0.0,170.96266666666668,0.3775495066716514,0.3753424657534246
2020-04-06,9.3,16.1,2.9,3.5,0.0,182.43733333333333,0.4038445989114954,0.4410958904109589
2020-04-07,10.6,16.8,6.0,2.1,0.0,196.49333333333334,0.4360550175022967,0.4602739726027397
2020-04-08,9.4,14.2,5.2,0.0,0.0,194.30133333333333,0.4310318788034466,0.3890410958904109
2020-04-09,8.9,14.7,4.3,1.3,0.0,195.68533333333335,0.4342034225804578,0.4027397260273972
2020-04-10,10.7,16.8,5.8,4.8,0.0,200.056,0.44421914560651043,0.4602739726027397
2020-04-11,9.9,16.0,6.2,4.8,0.0,201.69866666666667,0.4479834441934832,0.4383561643835616
2020-04-12,9.9,15.6,4.4,3.1,0.0,168.89333333333335,0.37280746819195837,0.42739726027397257
2020-04-13,12.4,20.4,4.3,1.9,0.0,206.944,0.4600035339996122,0.558904109589041
2020-04-14,13.0,19.6,7.6,1.3,0.0,223.46133333333333,0.4978542895965432,0.536986301369863
2020-04-15,13.2,20.2,7.2,5.4,0.0,239.43733333333333,0.5344645377045855,0.5534246575342465
2020-04-16,16.0,23.8,8.9,2.9,0.0,223.92,0.4989053599812174,0.6520547945205479
2020-04-17,12.5,15.4,10.4,9.1,6.5,95.08266666666667,0.20366457762569218,0.42191780821917807
2020-04-18,13.5,19.6,8.5,2.6,0.0,247.544,0.5530415956662694,0.536986301369863
2020-04-19,12.3,15.5,9.5,9.5,10.3,78.33333333333333,0.16528217596209457,0.4246575342465753
2020-04-20,10.0,13.1,7.6,7.4,0.1,149.67733333333334,0.3287725077735721,0.35890410958904106
2020-04-21,7.4,10.4,4.8,3.6,0.0,156.656,0.34476466589387694,0.28493150684931506
2020-04-22,6.0,8.3,4.1,4.1,0.0,136.89866666666666,0.29948919798660184,0.2273972602739726
2020-04-23,7.9,12.8,2.9,1.6,0.0,172.70666666666668,0.38154601848314523,0.3506849315068493
2020-04-24,9.9,14.3,4.1,1.8,0.0,194.35466666666667,0.43115409629003665,0.3917808219178082
2020-04-25,13.1,17.1,9.9,3.3,0.0,209.11733333333333,0.4649838965781558,0.4684931506849315
2020-04-26,12.3,19.0,6.8,0.8,0.0,220.26666666666668,0.4905334621498007,0.5205479452054794
2020-04-27,12.9,18.3,8.7,3.4,0.0,205.73066666666668,0.45722308617968915,0.5013698630136987
2020-04-28,13.9,19.9,7.8,0.0,0.0,230.776,0.5146164178823652,0.5452054794520548
2020-04-29,14.9,21.0,9.3,0.4,0.0,236.872,0.5285858765996052,0.5753424657534246
2020-04-30,17.1,23.4,9.3,5.3,0.0,258.33866666666665,0.5777784149520906,0.6410958904109588
2020-05-01,20.2,26.2,16.4,6.6,0.0,248.664,0.5556081628846599,0.7178082191780821
2020-05-02,20.3,23.9,18.0,9.0,0.0,236.02133333333333,0.5266365076884942,0.6547945205479452
2020-05-03,21.8,27.4,17.0,7.0,0.0,238.09866666666667,0.5313968787911758,0.7506849315068492
2020-05-04,20.2,25.3,14.8,3.4,0.0,249.544,0.5576247514133953,0.6931506849315069
2020-05-05,16.0,19.3,13.1,5.4,0.0,235.25066666666666,0.5248704650072684,0.5287671232876713
2020-05-06,19.4,27.6,11.1,1.8,0.0,236.16266666666667,0.5269603840279579,0.7561643835616438
2020-05-07,20.7,26.5,14.9,6.8,0.0,241.72,0.5396954461306386,0.726027397260274
2020-05-08,19.9,27.3,14.3,7.4,2.3,169.264,0.37365687972375905,0.7479452054794521
2020-05-09,14.2,16.8,12.7,10.0,24.4,20.266666666666666,0.03221788743720402,0.4602739726027397
2020-05-10,14.4,16.6,12.8,9.0,1.3,175.81866666666667,0.3886774088256732,0.4547945205479452
2020-05-11,16.5,22.0,12.4,8.1,3.4,202.77866666666668,0.45045834829693127,0.6027397260273972
2020-05-12,14.3,18.9,10.5,3.3,0.7,208.53333333333333,0.46364561509999497,0.5178082191780822
2020-05-13,16.1,21.8,10.2,0.6,0.0,237.82133333333334,0.5307613478609077,0.5972602739726027
2020-05-14,19.3,25.4,12.4,8.3,0.0,237.73066666666668,0.5305535781337046,0.695890410958904
2020-05-15,16.1,20.2,14.1,10.0,12.0,36.752,0.06999531254218098,0.5534246575342465
2020-05-16,16.7,20.3,15.0,9.5,2.5,172.13066666666666,0.3802260696279729,0.5561643835616439
2020-05-17,19.1,24.9,14.6,7.1,0.0,238.53066666666666,0.532386840432555,0.6821917808219178
2020-05-18,19.1,26.8,13.2,8.5,29.8,98.02933333333333,0.2104170937597911,0.7342465753424657
2020-05-19,13.0,17.1,10.1,7.6,19.0,148.14933333333335,0.32527097678276784,0.4684931506849315
2020-05-20,14.4,20.1,9.2,6.0,0.0,235.352,0.5251026782317895,0.5506849315068494
2020-05-21,17.4,22.9,10.9,4.8,0.0,250.48,0.5597696683030502,0.6273972602739726
2020-05-22,18.5,22.7,14.8,8.6,0.0,238.17866666666666,0.5315802050210608,0.6219178082191781
2020-05-23,20.1,25.0,16.6,7.4,0.0,270.016,0.6045379336409767,0.684931506849315
2020-05-24,17.1,20.2,14.3,8.4,14.5,214.28533333333334,0.4768267710287293,0.5534246575342465
2020-05-25,16.6,21.3,13.7,8.1,0.0,246.74933333333334,0.5512205551160779,0.5835616438356165
2020-05-26,16.2,22.9,12.7,7.8,1.5,182.66133333333335,0.40435791235517354,0.6273972602739726
2020-05-27,17.4,23.9,11.8,1.5,0.0,271.864,0.6087727695513211,0.6547945205479452
2020-05-28,18.7,23.4,14.2,3.9,0.0,266.112,0.5955916136225868,0.6410958904109588
2020-05-29,20.7,27.6,14.6,1.3,0.0,277.3306666666667,0.6213000619267988,0.7561643835616438
2020-05-30,22.6,30.0,16.5,1.1,0.0,280.45866666666666,0.6284681175153037,0.821917808219178
2020-05-31,21.2,28.0,17.6,8.5,1.0,249.45866666666666,0.5574292034348513,0.7671232876712328
2020-06-01,19.7,24.5,16.6,3.8,0.4,266.48,0.596434914280058,0.6712328767123288
2020-06-02,17.9,21.8,14.8,9.3,2.0,212.888,0.4736246728800706,0.5972602739726027
2020-06-03,22.0,28.4,17.6,5.8,0.0,277.032,0.6206156440018945,0.7780821917808218
2020-06-04,21.9,26.5,19.7,8.4,0.2,260.416,0.582538786054772,0.726027397260274
2020-06-05,23.0,28.7,18.4,5.5,0.0,286.248,0.641734825684651,0.7863013698630137
2020-06-06,24.6,30.9,19.2,2.3,0.0,280.088,0.6276187059835031,0.8465753424657534
2020-06-07,22.7,29.2,19.2,3.3,0.0,271.5946666666667,0.6081555712440415,0.7999999999999999
2020-06-08,25.0,32.0,19.8,3.0,0.0,276.21866666666665,0.6187518273313967,0.8767123287671232
2020-06-09,26.7,32.8,20.3,3.0,0.0,272.224,0.6095977375858037,0.8986301369863013
2020-06-10,25.8,32.1,22.5,9.0,6.2,155.02133333333333,0.34101869992989264,0.8794520547945206
2020-06-11,26.1,31.6,21.7,5.8,0.0,266.7493333333333,0.5970521125873376,0.8657534246575342
2020-06-12,24.7,27.6,21.6,8.1,0.0,291.2266666666667,0.65314382805783,0.7561643835616438
2020-06-13,26.9,33.5,20.6,5.5,0.0,241.056,0.5381738384225927,0.9178082191780822
2020-06-14,24.0,28.8,20.1,4.4,1.1,251.74933333333334,0.5626784444838929,0.7890410958904109
2020-06-15,23.0,28.6,18.2,6.0,0.0,288.85333333333335,0.6477051499045738,0.7835616438356164
2020-06-16,24.4,30.7,20.0,6.0,0.0,284.05066666666664,0.6366994652371419,0.8410958904109589
2020-06-17,24.3,30.3,20.2,7.4,0.0,287.2613333333333,0.6440569579298615,0.8301369863013699
2020-06-18,23.4,27.3,20.3,9.0,0.0,294.33866666666665,0.660275218400358,0.7479452054794521
2020-06-19,24.7,30.0,21.1,6.3,0.1,290.99733333333336,0.6526182928654929,0.821917808219178
2020-06-20,24.9,29.7,20.7,0.9,0.0,272.888,0.6111193452938496,0.8136986301369863
2020-06-21,26.1,32.7,19.5,0.1,0.0,254.54133333333334,0.5690765299068807,0.8958904109589042
2020-06-22,28.6,35.4,21.7,1.6,0.0,262.384,0.587048611309944,0.9698630136986301
2020-06-23,27.3,31.0,23.2,7.5,0.0,275.2373333333333,0.6165030255781402,0.8493150684931506
2020-06-24,22.3,26.3,19.9,10.0,37.6,52.68266666666667,0.10650167578662169,0.7205479452054795
2020-06-25,21.6,23.4,20.1,10.0,13.3,123.77333333333333,0.26941147453679654,0.6410958904109588
2020-06-26,21.8,25.7,19.2,8.3,2.1,256.4,0.5733358093145431,0.7041095890410959
2020-06-27,24.1,29.6,20.4,6.1,0.0,285.336,0.6396449066639617,0.810958904109589
2020-06-28,25.2,30.1,21.5,1.9,0.0,262.848,0.5881119034432772,0.8246575342465754
2020-06-29,23.8,26.5,20.6,8.6,11.9,186.808,0.41386032193754796,0.726027397260274
2020-06-30,20.1,23.1,18.4,10.0,64.7,101.56266666666667,0.21851400224638032,0.6328767123287672
2020-07-01,21.1,24.3,18.1,7.6,0.0,280.5226666666667,0.6286147784992118,0.6657534246575343
2020-07-02,24.2,29.8,20.4,6.6,0.0,287.57866666666666,0.6447841519750722,0.8164383561643835
2020-07-03,25.5,30.6,21.6,6.8,0.1,274.008,0.6136859125122401,0.8383561643835616
2020-07-04,24.2,29.5,20.4,7.6,1.6,262.63466666666665,0.5876230334969171,0.8082191780821918
2020-07-05,23.8,27.6,19.9,5.3,0.0,279.104,0.6253637933559171,0.7561643835616438
2020-07-06,25.6,30.9,21.8,7.4,0.0,284.8666666666667,0.6385693927819694,0.8465753424657534
2020-07-07,24.1,28.1,22.1,6.3,0.0,243.752,0.5443519323697186,0.7698630136986302
2020-07-08,25.5,30.4,21.3,2.9,0.0,282.336,0.6327701730432727,0.832876712328767
2020-07-09,27.5,32.9,21.8,4.8,0.0,274.208,0.6141442280869528,0.9013698630136986
2020-07-10,24.5,27.7,22.7,6.6,2.2,242.34666666666666,0.5411315015980713,0.7589041095890411
2020-07-11,25.8,30.2,22.2,7.3,0.0,276.41866666666664,0.6192101429061092,0.8273972602739725
2020-07-12,23.5,26.0,21.7,9.1,2.9,152.97866666666667,0.33633777019349465,0.7123287671232876
2020-07-13,18.7,21.7,17.7,10.0,47.6,12.957333333333333,0.015467980900040982,0.5945205479452055
2020-07-14,20.3,24.3,17.2,9.9,11.5,227.96266666666668,0.5081694454647414,0.6657534246575343
2020-07-15,23.4,28.7,18.9,5.1,0.0,285.19733333333335,0.6393271411988276,0.7863013698630137
2020-07-16,25.0,29.7,20.4,4.1,0.0,273.976,0.6136125820202861,0.8136986301369863
2020-07-17,26.0,31.6,21.5,4.5,0.0,266.53066666666666,0.5965510208923185,0.8657534246575342
2020-07-18,26.1,31.0,22.8,5.4,0.0,262.1573333333333,0.5865291869919363,0.8493150684931506
2020-07-19,24.0,26.6,20.6,9.9,29.1,162.144,0.35734084526399057,0.7287671232876712
2020-07-20,23.8,26.6,22.4,9.6,3.6,192.776,0.42753645868697193,0.7287671232876712
2020-07-21,25.0,30.5,21.4,6.3,0.0,268.8666666666667,0.6019041468049616,0.8356164383561644
2020-07-22,23.7,25.7,22.6,9.8,11.5,123.86133333333333,0.2696131333896701,0.7041095890410959
2020-07-23,21.1,22.6,18.5,10.0,103.1,28.637333333333334,0.05139992195750857,0.6191780821917808
2020-07-24,22.5,26.8,18.7,9.3,2.9,205.32,0.45628201153294595,0.7342465753424657
2020-07-25,24.3,29.0,22.3,7.8,0.0,273.328,0.6121276395582173,0.7945205479452054
2020-07-26,25.4,29.6,21.6,7.4,0.0,252.80533333333332,0.5650983507183753,0.810958904109589
2020-07-27,24.3,25.5,22.9,10.0,2.2,141.12533333333334,0.30917493379886146,0.6986301369863014
2020-07-28,24.4,26.4,22.7,9.9,0.4,181.904,0.4026224240455951,0.7232876712328766
2020-07-29,23.7,24.9,22.6,10.0,50.1,84.59733333333334,0.17963661976209314,0.6821917808219178
2020-07-30,25.3,28.4,23.4,8.3,0.1,246.58133333333333,0.5508355700333194,0.7780821917808218
2020-07-31,26.2,29.6,22.8,6.9,1.5,255.21333333333334,0.5706164702379151,0.810958904109589
2020-08-01,25.3,26.9,24.3,9.8,39.1,93.328,0.19964362231688035,0.736986301369863
2020-08-02,24.9,26.4,23.5,10.0,31.4,30.642666666666667,0.05599529945329353,0.7232876712328766
2020-08-03,25.0,26.3,23.9,10.0,102.6,46.86666666666667,0.09317385887397936,0.7205479452054795
2020-08-04,27.0,29.4,25.0,9.6,3.9,131.67466666666667,0.28751799517510884,0.8054794520547944
2020-08-05,26.5,29.1,25.5,9.8,18.5,76.66933333333333,0.16146899038048576,0.7972602739726028
2020-08-06,24.1,26.0,22.9,8.0,75.7,137.216,0.30021639203181255,0.7123287671232876
2020-08-07,24.3,26.1,22.6,9.0,0.0,208.18933333333334,0.46285731231148936,0.715068493150685
2020-08-08,24.2,26.1,22.7,9.1,19.1,106.72,0.2303324331996358,0.715068493150685
2020-08-09,24.9,25.8,23.7,9.8,50.3,33.024,0.061452310229538176,0.7068493150684931
2020-08-10,26.5,29.5,24.7,9.9,44.6,62.717333333333336,0.12949689588853502,0.8082191780821918
2020-08-11,24.6,27.3,22.4,9.5,97.0,135.93066666666667,0.2972709506049929,0.7479452054794521
2020-08-12,27.2,31.3,23.5,8.3,0.0,208.696,0.46401837843409455,0.8575342465753425
2020-08-13,28.0,30.3,26.3,8.5,0.0,211.608,0.47069145320190997,0.8301369863013699
2020-08-14,27.1,28.0,26.5,9.3,0.4,194.33333333333334,0.43110520929540064,0.7671232876712328
2020-08-15,26.1,27.0,25.0,9.3,69.0,70.04533333333333,0.14628957854600455,0.7397260273972602
2020-08-16,27.4,30.8,25.3,8.3,0.0,176.02933333333334,0.3891601678977038,0.8438356164383561
2020-08-17,28.2,32.2,26.1,4.4,0.0,195.648,0.4341178703398448,0.8821917808219178
2020-08-18,27.5,31.9,24.0,2.8,0.0,219.20533333333333,0.48810133416665913,0.873972602739726
2020-08-19,27.1,31.4,23.6,2.3,0.0,225.77333333333334,0.5031524176402209,0.8602739726027396
2020-08-20,27.7,31.7,25.0,6.4,0.0,227.78666666666666,0.5077661277589943,0.8684931506849315
2020-08-21,26.6,29.2,25.2,8.8,2.5,209.86933333333334,0.4667071631390752,0.7999999999999999
2020-08-22,24.3,27.6,21.7,9.0,42.6,107.00266666666667,0.23098018587856295,0.7561643835616438
2020-08-23,25.3,29.9,21.5,6.0,0.0,214.91733333333335,0.4782750482448211,0.8191780821917808
2020-08-24,27.8,32.0,23.7,5.9,0.0,240.792,0.5375688618639721,0.8767123287671232
2020-08-25,29.9,34.5,26.0,5.9,0.0,234.384,0.5228844308501804,0.9452054794520548
2020-08-26,30.2,34.5,27.0,6.4,0.6,107.11733333333333,0.2312429534747315,0.9452054794520548
2020-08-27,27.1,28.6,25.6,9.9,8.7,87.32,0.1858758224525139,0.7835616438356164
2020-08-28,27.3,29.7,26.0,8.9,13.6,165.45333333333335,0.3649244403069017,0.8136986301369863
2020-08-29,26.8,29.0,25.5,8.4,13.6,90.12533333333333,0.19230446224714928,0.7945205479452054
2020-08-30,26.8,30.6,24.4,7.9,42.5,141.07733333333334,0.30906493806093044,0.8383561643835616
2020-08-31,26.4,30.0,23.8,8.8,0.0,233.76533333333333,0.5214667080057361,0.821917808219178
2020-09-01,26.6,29.5,23.8,8.8,0.0,234.37866666666667,0.5228722091015215,0.8082191780821918
2020-09-02,24.3,26.4,22.6,9.6,33.3,36.650666666666666,0.06976309931765992,0.7232876712328766
2020-09-03,22.7,25.6,20.0,7.4,29.8,190.73066666666668,0.42284941807624443,0.7013698630136986
2020-09-04,23.3,27.5,19.9,1.6,0.0,306.824,0.6888863320110831,0.7534246575342466
2020-09-05,23.3,27.3,19.2,8.0,0.0,302.008,0.6778500929720036,0.7479452054794521
2020-09-06,21.7,24.4,19.5,9.4,6.4,144.33333333333334,0.3165263156172515,0.6684931506849314
2020-09-07,19.2,20.6,17.5,10.0,61.0,8.384,0.004987831424946275,0.5643835616438356
2020-09-08,23.4,26.5,20.6,5.4,0.0,278.94933333333336,0.6250093626448061,0.726027397260274
2020-09-09,21.1,25.3,19.0,7.6,1.3,201.09866666666667,0.44660849746934544,0.6931506849315069
2020-09-10,22.8,27.0,18.8,6.3,3.9,285.73333333333335,0.6405554269390573,0.7397260273972602
2020-09-11,22.4,27.1,19.2,7.6,1.2,163.93066666666667,0.36143513106475644,0.7424657534246576
2020-09-12,20.2,23.2,18.1,9.5,5.7,119.208,0.25894965768469036,0.6356164383561643
2020-09-13,21.5,26.6,16.7,2.8,0.0,317.12266666666665,0.7124865286716169,0.7287671232876712
2020-09-14,21.3,24.9,17.6,4.6,0.0,283.9066666666667,0.636369478023349,0.6821917808219178
2020-09-15,23.0,27.7,18.9,7.5,0.0,298.432,0.6696554104961425,0.7589041095890411
2020-09-16,22.5,24.9,21.3,9.4,0.3,236.65333333333334,0.5280847849045861,0.6821917808219178
2020-09-17,21.3,23.6,20.1,8.4,0.0,293.568,0.658509175719132,0.6465753424657534
2020-09-18,21.5,25.8,18.1,3.1,0.0,315.63466666666665,0.7090766607957552,0.7068493150684931
2020-09-19,21.2,26.2,17.6,1.5,0.3,313.688,0.7046157225352193,0.7178082191780821
2020-09-20,19.7,24.9,15.6,0.0,0.0,295.46133333333336,0.6628478964930781,0.6821917808219178
2020-09-21,19.1,25.3,13.6,4.5,0.0,288.984,0.6480045827467193,0.6931506849315069
2020-09-22,20.2,25.6,15.5,3.1,0.0,300.31733333333335,0.6739757986470999,0.7013698630136986
2020-09-23,19.2,23.8,15.2,7.6,0.0,296.9146666666667,0.6661783230026562,0.6520547945205479
2020-09-24,20.6,25.4,16.8,6.6,0.0,298.65066666666667,0.6701565021911615,0.695890410958904
2020-09-25,20.1,25.4,16.6,4.9,0.0,305.92,0.6868147456133821,0.695890410958904
2020-09-26,19.3,24.8,14.8,4.0,0.0,306.9626666666667,0.6892040974762171,0.6794520547945205
2020-09-27,20.4,25.8,14.9,1.1,0.0,292.29333333333335,0.6555881777896305,0.7068493150684931
2020-09-28,20.7,26.5,15.7,1.1,0.0,287.2373333333333,0.6440019600608959,0.726027397260274
2020-09-29,19.6,23.9,15.3,6.8,0.0,303.528,0.6813332913398195,0.6547945205479452
2020-09-30,19.6,25.7,16.2,7.1,38.3,191.136,0.4237782709743286,0.7041095890410959
2020-10-01,18.8,23.6,15.6,5.5,0.0,218.93066666666667,0.48747191411072055,0.6465753424657534
2020-10-02,19.2,21.9,16.3,9.1,0.0,200.73333333333332,0.4457713076862037,0.6
2020-10-03,19.9,23.2,18.3,8.0,0.0,260.60266666666666,0.5829665472578371,0.6356164383561643
2020-10-04,16.6,21.8,10.6,7.1,0.0,229.576,0.5118665244340896,0.5972602739726027
2020-10-05,13.3,18.4,8.5,2.3,0.0,248.416,0.5550398515720163,0.5041095890410958
2020-10-06,14.2,19.7,9.3,2.5,0.0,267.65066666666667,0.599117588110709,0.5397260273972603
2020-10-07,16.0,22.0,9.9,3.8,0.0,275.5946666666667,0.6173218827382935,0.6027397260273972
2020-10-08,17.2,23.1,12.1,0.1,0.0,281.3573333333333,0.6305274821643456,0.6328767123287672
2020-10-09,17.2,23.3,12.4,4.6,0.0,277.56533333333334,0.6218378188677949,0.6383561643835617
2020-10-10,16.9,21.5,12.3,5.3,0.0,279.1413333333333,0.6254493455965301,0.589041095890411
2020-10-11,16.9,20.8,12.7,5.8,0.0,254.41333333333333,0.5687832079390647,0.5698630136986301
2020-10-12,16.2,21.3,12.1,2.6,0.0,260.58933333333334,0.5829359928861897,0.5835616438356165
2020-10-13,13.6,18.4,8.6,3.5,0.0,259.0933333333333,0.5795077923873394,0.5041095890410958
2020-10-14,12.8,18.0,8.5,6.6,0.0,247.99466666666666,0.5540743334279551,0.4931506849315068
2020-10-15,11.7,18.5,6.5,6.6,0.0,246.81333333333333,0.551367216099986,0.5068493150684932
2020-10-16,11.8,15.4,8.6,7.6,0.0,246.95733333333334,0.551697203313779,0.42191780821917807
2020-10-17,13.1,18.6,8.7,1.0,0.0,252.90666666666667,0.5653305639428965,0.5095890410958904
2020-10-18,13.6,20.2,7.2,0.5,0.0,238.40266666666668,0.532093518464739,0.5534246575342465
2020-10-19,15.1,21.3,9.8,0.0,0.0,253.62666666666667,0.5669805000118617,0.5835616438356165
2020-10-20,15.2,21.7,9.9,0.4,0.0,262.872,0.5881669013122428,0.5945205479452055
2020-10-21,14.1,17.3,11.8,7.3,0.0,257.50933333333336,0.5758779330356157,0.473972602739726
2020-10-22,13.5,18.2,8.4,4.6,0.0,245.6,0.5485867682800629,0.4986301369863014
2020-10-23,8.6,13.3,5.4,0.0,0.0,225.792,0.5031951937605273,0.3643835616438356
2020-10-24,8.7,14.0,3.2,0.0,0.0,206.53866666666667,0.45907468110152805,0.3835616438356164
2020-10-25,11.8,18.2,5.4,2.8,0.0,214.65866666666668,0.47768229343485946,0.4986301369863014
2020-10-26,12.9,19.0,8.0,1.6,0.0,246.33066666666667,0.5502611478463463,0.5205479452054794
2020-10-27,14.0,19.4,9.0,1.5,0.0,254.42933333333335,0.5688198731850417,0.5315068493150684
2020-10-28,13.8,18.2,8.6,3.8,0.0,253.42133333333334,0.5665099626884902,0.4986301369863014
2020-10-29,10.8,16.1,5.5,3.1,0.0,246.04533333333333,0.5496072842930896,0.4410958904109589
2020-10-30,11.9,19.6,5.8,0.4,0.0,258.90133333333335,0.5790678094356154,0.536986301369863
2020-10-31,13.6,18.2,8.5,6.1,0.0,238.51733333333334,0.5323562860609075,0.4986301369863014
2020-11-01,13.7,15.0,11.6,8.6,13.6,87.8,0.18697577983182415,0.410958904109589
2020-11-02,10.8,15.6,7.9,3.0,1.7,231.21333333333334,0.5156186012724034,0.42739726027397257
2020-11-03,5.1,8.6,2.7,1.5,0.5,185.17066666666668,0.4101082450992342,0.2356164383561644
2020-11-04,4.9,10.8,0.2,0.0,0.0,197.75733333333332,0.43895157193448026,0.2958904109589041
2020-11-05,9.6,15.9,3.4,5.3,0.0,226.90666666666667,0.5057495392302589,0.43561643835616437
2020-11-06,13.5,17.2,9.9,8.9,0.0,244.84,0.5468451690961551,0.4712328767123288
2020-11-07,14.6,18.1,12.2,3.6,0.1,224.40266666666668,0.5000114282348572,0.4958904109589041
2020-11-08,8.5,12.4,3.1,0.0,0.0,165.984,0.36614050429847245,0.33972602739726027
2020-11-09,5.5,8.9,0.7,2.4,0.0,195.952,0.43481451001340793,0.24383561643835616
2020-11-10,7.7,12.9,3.5,0.0,0.0,218.57333333333332,0.4866530569505673,0.35342465753424657
2020-11-11,9.3,16.5,3.5,0.0,0.0,230.92,0.5149464050961583,0.4520547945205479
2020-11-12,10.4,17.7,4.6,2.0,0.0,235.18133333333333,0.5247115822747014,0.4849315068493151
2020-11-13,12.2,17.6,8.5,3.0,0.0,242.01066666666668,0.5403615314325542,0.4821917808219178
2020-11-14,12.5,19.3,6.8,1.3,0.0,217.47466666666668,0.48413537672681284,0.5287671232876713
2020-11-15,11.1,14.9,8.2,3.4,0.0,184.26133333333334,0.40802443695287427,0.40821917808219177
2020-11-16,12.4,18.3,7.5,2.1,0.0,233.55466666666666,0.5209839489337056,0.5013698630136987
2020-11-17,15.9,20.0,11.7,7.4,0.1,216.688,0.4823326687996099,0.547945205479452
2020-11-18,16.6,18.7,14.8,9.8,12.2,118.53866666666667,0.25741582822798553,0.5123287671232877
2020-11-19,13.6,19.1,6.9,9.8,86.9,92.24,0.1971503855904438,0.5232876712328768
2020-11-20,2.8,7.0,0.3,6.6,0.0,160.88533333333334,0.35445651258046595,0.1917808219178082
2020-11-21,6.5,12.8,0.3,6.1,0.2,160.77333333333334,0.35419985585862696,0.3506849315068493
2020-11-22,5.6,9.1,1.5,7.8,4.8,92.87466666666667,0.19860477368086513,0.2493150684931507
2020-11-23,1.7,5.9,1.5,0.3,0.0,156.70933333333332,0.3448868833804669,0.16164383561643836
2020-11-24,2.9,6.4,0.2,6.1,0.0,164.97333333333333,0.36382448292759145,0.17534246575342466
2020-11-25,4.6,9.5,0.0,5.4,0.0,173.12266666666667,0.3824993148785474,0.2602739726027397
2020-11-26,5.6,10.9,1.9,5.5,0.0,171.45866666666666,0.37868612929693857,0.29863013698630136
2020-11-27,4.1,7.7,0.6,4.9,0.0,154.912,0.3407681540823831,0.21095890410958903
2020-11-28,0.1,2.8,2.3,2.9,0.0,102.64533333333334,0.22099501722415785,0.07671232876712328
2020-11-29,0.6,2.6,3.6,4.1,0.0,85.896,0.18261261556056024,0.07123287671232877
2020-11-30,0.2,4.3,3.6,0.0,0.0,133.13333333333333,0.29086064343334606,0.1178082191780822
2020-12-01,1.1,6.7,3.6,4.4,0.0,143.69333333333333,0.31505970577817116,0.18356164383561643
2020-12-02,2.4,6.1,0.5,6.6,0.0,148.296,0.32560707487089036,0.16712328767123286
2020-12-03,0.7,4.2,2.3,1.0,0.0,137.42133333333334,0.30068692935518415,0.11506849315068493
2020-12-04,0.6,4.4,4.6,0.9,0.0,135.77333333333334,0.29691040901955235,0.12054794520547946
2020-12-05,2.1,6.6,2.2,5.6,0.0,114.54133333333333,0.24825562760806308,0.18082191780821916
2020-12-06,4.5,9.1,1.2,4.3,0.0,108.30933333333333,0.23397451430001856,0.2493150684931507
2020-12-07,3.4,6.3,0.7,3.8,0.0,132.824,0.29015178201112396,0.17260273972602738
2020-12-08,0.5,4.1,3.5,0.4,0.0,126.97066666666667,0.2767384128578686,0.11232876712328767
2020-12-09,1.5,6.2,4.1,4.5,0.0,134.60266666666666,0.2942277351889013,0.16986301369863013
2020-12-10,5.8,9.3,3.2,7.8,0.0,142.456,0.31222426008928256,0.2547945205479452
2020-12-11,5.3,9.4,2.6,6.5,0.0,142.76266666666666,0.3129270106371752,0.25753424657534246
2020-12-12,2.3,6.1,0.3,1.8,0.0,112.38933333333334,0.24332415202415555,0.16712328767123286
2020-12-13,1.1,2.0,6.0,5.4,2.9,38.29866666666667,0.07353961965329173,0.0547945205479452
2020-12-14,7.7,5.0,9.7,0.0,0.0,74.74666666666667,0.15706304998891535,0.136986301369863
2020-12-15,8.3,4.6,11.1,0.0,0.0,74.74133333333333,0.15705082824025635,0.12602739726027395
2020-12-16,8.3,3.9,11.2,0.0,0.0,73.808,0.15491202222493092,0.10684931506849314
2020-12-17,4.9,0.8,11.1,2.3,0.0,86.17333333333333,0.18324814649082838,0.021917808219178082
2020-12-18,2.1,1.8,6.4,4.1,0.2,80.52,0.17029309291228564,0.049315068493150684
2020-12-19,5.1,1.2,9.6,1.4,0.0,64.34666666666666,0.1332306401038603,0.03287671232876712
2020-12-20,3.7,1.1,8.2,0.0,0.0,62.512,0.12902635856516342,0.030136986301369864
2020-12-21,1.0,4.7,6.0,0.9,0.0,99.42933333333333,0.21362530278277927,0.12876712328767123
2020-12-22,2.0,7.2,2.5,4.8,0.0,113.296,0.245401849296186,0.19726027397260273
2020-12-23,4.5,8.5,0.4,7.8,0.0,112.58133333333333,0.24376413497587962,0.2328767123287671
2020-12-24,2.6,6.1,2.0,1.3,0.0,109.60533333333333,0.2369443992241562,0.16712328767123286
2020-12-25,0.8,3.5,4.7,0.1,0.0,76.26666666666667,0.1605462483567311,0.0958904109589041
2020-12-26,2.2,8.0,2.1,3.0,0.0,99.032,0.21271478250768358,0.2191780821917808
2020-12-27,5.8,10.0,1.4,7.5,0.0,98.94133333333333,0.21250701278048054,0.273972602739726
2020-12-28,6.7,11.4,4.2,5.3,1.3,125.09866666666667,0.2724485790785587,0.31232876712328766
2020-12-29,0.1,4.3,6.2,8.5,0.2,95.32533333333333,0.2042206671896768,0.1178082191780822
2020-12-30,10.9,6.2,12.9,0.8,0.0,59.968,0.12319658445481921,0.16986301369863013
2020-12-31,8.9,5.0,12.9,0.4,0.0,65.42666666666666,0.13570554420730832,0.136986301369863
2021-01-01,4.2,1.6,9.8,3.9,0.0,54.99753086419753,0.11180636736198653,0.043835616438356165
2021-01-02,5.0,1.4,8.4,0.0,0.0,58.34814814814815,0.11948456779266547,0.03835616438356164
2021-01-03,5.6,2.0,9.1,2.9,0.0,53.849382716049384,0.10917529647011792,0.0547945205479452
2021-01-04,3.5,0.3,8.4,4.8,0.0,81.37530864197531,0.17225309927130347,0.00821917808219178
2021-01-05,5.5,2.1,9.9,2.6,0.0,71.68641975308643,0.15005025587411547,0.057534246575342465
2021-01-06,7.4,1.9,12.0,3.6,2.3,54.96543209876543,0.11173281054135364,0.05205479452054794
2021-01-07,14.5,8.4,16.5,0.9,0.0,13.701234567901235,0.017172688509292974,0.23013698630136986
2021-01-08,14.9,10.7,18.6,0.0,0.0,19.82469135802469,0.031205066599258893,0.2931506849315068
2021-01-09,12.2,7.5,16.6,0.8,0.0,22.424691358024692,0.03716316907052265,0.2054794520547945
2021-01-10,7.7,2.7,12.8,3.0,0.0,27.446913580246914,0.04867198239108341,0.07397260273972603
2021-01-11,6.7,4.0,9.6,6.9,0.0,48.20987654320987,0.09625192890661705,0.1095890410958904
2021-01-12,3.9,0.5,9.3,6.1,2.6,31.671604938271606,0.058353191629765544,0.0136986301369863
2021-01-13,2.0,8.3,3.0,3.0,0.0,48.839506172839506,0.09769477423441597,0.2273972602739726
2021-01-14,1.7,7.0,3.6,0.0,0.0,80.50123456790124,0.17025009046330025,0.1917808219178082
2021-01-15,4.5,9.9,0.7,8.5,0.2,80.0716049382716,0.16926556071021395,0.27123287671232876
2021-01-16,4.9,0.7,8.7,0.8,0.0,55.614814814814814,0.11322092160492664,0.01917808219178082
2021-01-17,5.5,1.3,10.8,2.3,0.0,44.644444444444446,0.08808146359939496,0.03561643835616438
2021-01-18,3.8,0.2,9.1,4.3,0.3,44.71604938271605,0.08824555189157601,0.005479452054794521
2021-01-19,6.3,0.2,11.6,0.0,0.0,66.51851851851852,0.1382076077522208,0.005479452054794521
2021-01-20,0.1,7.1,6.6,1.9,0.0,91.31604938271605,0.19503308079961104,0.19452054794520546
2021-01-21,4.5,7.0,2.5,9.6,9.2,43.08888888888889,0.08451678690718588,0.1917808219178082
2021-01-22,5.5,6.6,4.8,9.5,0.1,86.3283950617284,0.18360348251665495,0.18082191780821916
2021-01-23,7.6,12.2,4.8,6.5,0.0,107.08148148148148,0.23116079616430152,0.3342465753424657
2021-01-24,7.3,13.9,2.4,3.4,0.0,123.51604938271605,0.2688218883283391,0.38082191780821917
2021-01-25,7.9,13.9,3.0,6.3,0.0,134.98518518518517,0.2951043061621664,0.38082191780821917
2021-01-26,5.3,7.4,1.7,8.4,1.7,64.86913580246913,0.1344279188150848,0.20273972602739726
2021-01-27,1.7,6.5,1.8,6.4,0.0,112.68888888888888,0.2440106069071695,0.1780821917808219
2021-01-28,2.6,1.4,9.7,5.1,2.0,56.160493827160494,0.11447138755568571,0.03835616438356164
2021-01-29,8.8,4.9,11.6,0.3,0.0,60.333333333333336,0.12403377423796087,0.13424657534246576
2021-01-30,1.6,5.2,8.1,3.9,0.5,70.0716049382716,0.1463497819745841,0.14246575342465753
2021-01-31,3.2,8.7,3.8,4.8,0.0,95.14320987654321,0.20380331710583974,0.23835616438356164
2021-02-01,5.0,9.5,2.3,7.6,0.7,101.60987654320988,0.21862218735488037,0.2602739726027397
2021-02-02,5.6,2.4,8.2,1.8,0.0,76.87901234567902,0.16194948616572769,0.06575342465753424
2021-02-03,3.2,1.4,9.4,5.0,3.4,76.58271604938271,0.16127050012911642,0.03835616438356164
2021-02-04,3.6,0.7,7.4,0.1,0.1,49.879012345679016,0.10007688357952713,0.01917808219178082
2021-02-05,1.4,6.7,4.4,6.0,0.0,93.0246913580247,0.1989485669440693,0.18356164383561643
2021-02-06,6.8,9.5,4.3,9.0,0.0,102.48641975308642,0.22063085437985533,0.2602739726027397
2021-02-07,3.6,7.7,2.6,4.4,0.0,88.08888888888889,0.18763779121752014,0.21095890410958903
2021-02-08,3.1,0.2,5.4,0.0,0.0,84.57530864197531,0.179586148466705,0.005479452054794521
2021-02-09,0.9,4.7,6.1,0.1,0.0,101.62716049382716,0.2186617948736827,0.12876712328767123
2021-02-10,3.4,7.2,1.5,6.3,0.0,115.2074074074074,0.24978198821836517,0.19726027397260273
2021-02-11,5.5,10.9,1.3,5.3,0.0,93.31851851851852,0.19962189476370876,0.29863013698630136
2021-02-12,6.5,14.0,0.6,4.0,0.0,94.44691358024691,0.2022076999198033,0.3835616438356164
2021-02-13,7.6,15.9,1.0,1.1,0.0,126.73827160493828,0.2762058614764865,0.43561643835616437
2021-02-14,9.5,13.8,6.4,8.1,0.0,110.45432098765433,0.23888992054772631,0.3780821917808219
2021-02-15,1.2,8.2,5.2,5.8,1.4,80.2567901234568,0.16968992698309598,0.22465753424657534
2021-02-16,5.1,1.3,7.0,4.0,1.5,56.809876543209874,0.11595949861925871,0.03561643835616438
2021-02-17,8.3,5.2,10.4,1.6,0.0,57.48395061728395,0.11750419185254932,0.14246575342465753
2021-02-18,5.8,0.4,10.6,0.0,0.0,74.73333333333333,0.15703249561726784,0.010958904109589041
2021-02-19,1.6,8.9,7.1,3.3,0.0,111.66172839506173,0.24165678864691717,0.24383561643835616
2021-02-20,8.8,14.9,5.5,2.4,0.0,149.88395061728394,0.32924598736976896,0.40821917808219177
2021-02-21,10.8,17.4,4.7,0.8,0.0,176.46172839506173,0.3901510348537985,0.4767123287671233
2021-02-22,7.8,12.6,0.4,2.6,0.0,135.66172839506171,0.29665465761242876,0.34520547945205476
2021-02-23,0.0,4.3,3.1,3.3,0.0,111.71851851851852,0.24178692763726767,0.1178082191780822
2021-02-24,2.9,10.1,3.0,6.5,0.0,134.49382716049382,0.29397832098478605,0.27671232876712326
2021-02-25,4.2,8.2,0.7,8.1,0.0,132.57777777777778,0.2895875446147,0.22465753424657534
2021-02-26,8.2,15.8,0.5,4.5,0.0,167.1259259259259,0.3687573164835722,0.4328767123287671
2021-02-27,9.5,16.2,4.3,3.5,0.0,188.18271604938272,0.41701059081874536,0.4438356164383561
2021-02-28,7.8,10.8,3.2,6.1,0.0,156.29135802469136,0.34392906041148735,0.2958904109589041
2021-03-01,4.7,9.0,0.5,10.0,67.5,7.323456790123457,0.0025575140712357242,0.2465753424657534
2021-03-02,2.3,6.9,0.2,5.5,0.1,125.95802469135802,0.2744178649134102,0.18904109589041096
2021-03-03,4.4,9.9,1.2,4.5,0.0,154.0395061728395,0.33876876653324184,0.27123287671232876
2021-03-04,7.2,13.0,2.5,6.3,0.0,163.66172839506171,0.3608188380721923,0.3561643835616438
2021-03-05,9.0,16.2,3.0,1.3,0.0,189.68148148148148,0.42044512852060395,0.4438356164383561
2021-03-06,6.6,11.6,3.2,4.9,0.0,152.67407407407407,0.33563977254785826,0.31780821917808216
2021-03-07,6.2,12.2,2.1,3.5,0.0,177.86913580246915,0.39337621852770194,0.3342465753424657
2021-03-08,7.0,13.9,1.5,0.0,0.0,176.46913580246914,0.39016800950471375,0.38082191780821917
2021-03-09,6.6,12.2,2.1,4.3,0.0,178.67654320987654,0.3952264554774676,0.3342465753424657
2021-03-10,8.8,17.1,1.7,0.4,0.0,190.50123456790124,0.4223236565552284,0.4684931506849315
2021-03-11,10.2,17.1,4.7,6.4,0.0,182.91358024691357,0.4049359558010085,0.4684931506849315
2021-03-12,10.5,14.9,7.2,7.0,0.0,165.6716049382716,0.36542462668720527,0.40821917808219177
2021-03-13,9.2,14.2,4.6,5.0,0.0,195.20246913580246,0.4330969016694603,0.3890410958904109
2021-03-14,9.1,14.7,4.9,3.5,0.0,179.49135802469135,0.3970936670781485,0.4027397260273972
2021-03-15,10.6,15.7,5.1,8.9,1.7,180.8740740740741,0.40026226858233444,0.4301369863013698
2021-03-16,8.4,13.1,4.9,1.9,1.3,176.09382716049382,0.38930796052500616,0.35890410958904106
2021-03-17,8.8,17.5,1.8,0.3,0.0,204.33827160493829,0.454032304464974,0.4794520547945205
2021-03-18,11.7,18.4,5.0,5.0,0.0,210.9037037037037,0.46907750339288506,0.5041095890410958
2021-03-19,15.3,20.2,11.4,6.8,0.0,244.27654320987654,0.5455539639831993,0.5534246575342465
2021-03-20,9.9,14.7,7.4,9.8,5.1,62.928395061728395,0.1299805602752811,0.4027397260273972
2021-03-21,5.8,8.6,3.1,6.8,0.3,136.05679012345678,0.2975599723279104,0.2356164383561644
2021-03-22,6.2,11.1,1.1,0.4,0.0,187.47654320987655,0.4153923407648219,0.30410958904109586
2021-03-23,9.1,16.4,2.5,0.3,0.0,211.82222222222222,0.4711823601063799,0.44931506849315067
2021-03-24,10.8,16.9,5.7,4.3,0.0,226.77777777777777,0.505454180304333,0.46301369863013697
2021-03-25,11.9,19.0,6.8,2.4,0.0,232.61481481481482,0.5188302052255747,0.5205479452054794
2021-03-26,12.6,20.6,4.8,5.5,0.0,239.88395061728394,0.5354879959904374,0.5643835616438356
2021-03-27,12.1,15.0,10.2,9.6,25.5,50.2,0.10081245178585599,0.410958904109589
2021-03-28,9.0,13.0,7.7,10.0,9.2,80.42222222222222,0.17006902752020392,0.3561643835616438
2021-03-29,10.2,14.6,7.3,5.5,0.2,185.02469135802468,0.40977373131186373,0.39999999999999997
2021-03-30,10.8,18.2,4.1,0.6,0.0,243.67654320987654,0.5441790172590615,0.4986301369863014
2021-03-31,14.5,22.9,5.9,3.8,0.0,279.65185185185186,0.6266192385376114,0.6273972602739726
2021-04-01,17.7,24.0,12.0,5.3,0.0,288.0,0.6457496701191334,0.6575342465753424
2021-04-02,17.8,23.0,12.5,8.1,0.0,273.10370370370373,0.6116136471285026,0.6301369863013698
2021-04-03,14.9,18.0,10.9,9.9,56.2,34.6320987654321,0.06513739377890632,0.4931506849315068
2021-04-04,11.9,15.8,9.0,6.3,0.6,232.49382716049382,0.5185529525939584,0.4328767123287671
2021-04-05,11.9,19.3,5.4,2.3,0.0,272.920987654321,0.6111949390725923,0.5287671232876713
2021-04-06,13.9,19.2,9.4,2.4,0.0,282.20246913580246,0.6324641766694399,0.5260273972602739
2021-04-07,14.1,20.4,8.1,0.0,0.0,281.9925925925926,0.6319832282268402,0.558904109589041
2021-04-08,13.0,18.0,7.2,0.0,0.0,259.7308641975309,0.580968744009448,0.4931506849315068
2021-04-09,13.6,19.6,7.6,0.6,0.0,281.4172839506173,0.63066486367242,0.536986301369863
2021-04-10,12.6,18.8,7.7,0.5,0.0,274.0246913580247,0.6137241620589693,0.5150684931506849
2021-04-11,15.0,21.8,7.5,3.5,0.0,280.47407407407405,0.6285034247892075,0.5972602739726027
2021-04-12,13.8,17.8,11.9,9.8,22.0,71.58518518518518,0.14981826897827327,0.4876712328767123
2021-04-13,10.4,13.5,5.7,6.6,8.0,207.8320987654321,0.46203868148001503,0.3698630136986301
2021-04-14,8.4,13.3,3.1,0.3,0.0,242.53333333333333,0.5415592628011364,0.3643835616438356
2021-04-15,11.6,18.3,6.3,4.9,0.0,269.037037037037,0.6022945637760131,0.5013698630136987
2021-04-16,11.3,14.8,8.1,6.9,0.7,202.90617283950618,0.45075053862135295,0.4054794520547945
2021-04-17,9.6,14.6,6.0,3.8,0.0,175.51111111111112,0.38797262131967075,0.39999999999999997
2021-04-18,9.9,15.3,5.6,0.9,0.0,246.92345679012345,0.5516195725769265,0.4191780821917808
2021-04-19,12.2,19.4,5.8,0.0,0.0,268.1432098765432,0.6002462892322359,0.5315068493150684
2021-04-20,14.8,22.0,8.1,2.9,0.0,280.95061728395063,0.6295954606647574,0.6027397260273972
2021-04-21,19.1,28.2,10.3,3.9,0.0,294.7654320987654,0.661253184621757,0.7726027397260273
2021-04-22,20.9,27.5,16.1,8.9,0.0,288.20246913580246,0.6462136439108177,0.7534246575342466
2021-04-23,19.0,21.7,17.0,9.6,0.0,287.5950617283951,0.6448217225357648,0.5945205479452055
2021-04-24,18.3,22.2,15.3,6.8,0.0,293.26666666666665,0.6578186469198984,0.6082191780821917
2021-04-25,18.2,24.0,12.6,1.1,0.0,313.9530864197531,0.7052231887093076,0.6575342465753424
2021-04-26,16.2,20.6,12.3,4.5,0.0,301.4567901234568,0.6765869526152279,0.5643835616438356
2021-04-27,15.4,20.0,12.5,9.4,1.7,256.68888888888887,0.5739978207002391,0.547945205479452
2021-04-28,14.5,18.2,11.2,7.9,4.7,284.8888888888889,0.6386203167347153,0.4986301369863014
2021-04-29,14.6,20.1,10.9,7.6,3.9,261.59012345679014,0.5852293813891837,0.5506849315068494
2021-04-30,11.3,14.6,8.6,9.5,26.3,205.34567901234567,0.45634085698945226,0.39999999999999997
2021-05-01,10.2,15.3,8.5,9.4,8.0,101.53827160493827,0.21845809906269933,0.4191780821917808
2021-05-02,12.4,18.7,7.3,2.6,1.7,285.16543209876545,0.6392540370355524,0.5123287671232877
2021-05-03,14.1,20.3,8.4,3.8,0.0,302.20493827160493,0.6783013923576713,0.5561643835616439
2021-05-04,13.8,15.8,11.4,9.6,19.6,59.42962962962963,0.12196286682629655,0.4328767123287671
2021-05-05,13.9,18.4,10.3,2.6,0.1,309.1679012345679,0.6942575642180357,0.5041095890410958
2021-05-06,15.7,23.1,7.9,4.8,0.0,300.39506172839504,0.6741539193173708,0.6328767123287672
2021-05-07,14.4,17.2,10.7,3.1,8.8,217.52345679012345,0.4842471830941748,0.4712328767123288
2021-05-08,14.3,21.0,8.9,1.1,0.0,182.49876543209876,0.40398537534975276,0.5753424657534246
2021-05-09,15.7,21.8,10.0,0.3,0.0,283.5827160493827,0.635627119956654,0.5972602739726027
2021-05-10,13.2,14.6,11.7,8.4,0.0,231.6395061728395,0.5165952095217293,0.39999999999999997
2021-05-11,18.5,25.7,9.4,6.0,0.0,321.76296296296294,0.7231201289909858,0.7041095890410959
2021-05-12,22.0,27.7,16.9,4.5,0.0,321.5925925925926,0.7227297120199344,0.7589041095890411
2021-05-13,22.9,29.6,16.6,0.0,0.0,316.7851851851852,0.7117131635759167,0.810958904109589
2021-05-14,24.1,30.8,18.0,7.1,0.0,316.6395061728395,0.7113793287745829,0.8438356164383561
2021-05-15,22.1,26.2,20.8,9.8,15.0,89.09135802469136,0.1899350273080549,0.7178082191780821
2021-05-16,18.4,20.8,14.8,10.0,66.9,6.207407407407407,0.0,0.5698630136986301
2021-05-17,15.3,16.7,14.2,9.0,3.1,148.30864197530863,0.3256360449417858,0.4575342465753425
2021-05-18,17.9,24.5,13.6,4.4,0.0,315.45432098765434,0.7086633846281379,0.6712328767123288
2021-05-19,19.9,26.6,12.4,2.6,0.0,330.5283950617284,0.7432067992407355,0.7287671232876712
2021-05-20,18.7,22.9,15.6,9.9,0.9,166.5456790123457,0.3674276354952085,0.6273972602739726
2021-05-21,16.0,18.2,14.2,9.5,6.9,194.5901234567901,0.4316936638604637,0.4986301369863014
2021-05-22,18.6,23.8,13.8,1.5,0.2,317.93333333333334,0.7143442344677854,0.6520547945205479
2021-05-23,19.5,25.1,14.3,6.9,0.0,285.40246913580245,0.6397972258648413,0.6876712328767124
2021-05-24,19.4,24.5,16.4,3.3,0.0,303.6074074074074,0.6815152595976312,0.6712328767123288
2021-05-25,15.3,19.3,11.9,5.3,8.3,230.74814814814815,0.5145525931949237,0.5287671232876713
2021-05-26,18.0,23.0,11.5,7.6,0.0,298.73333333333335,0.6703459392953761,0.6301369863013698
2021-05-27,15.8,18.7,13.9,6.5,8.9,183.38518518518518,0.40601667524261476,0.5123287671232877
2021-05-28,15.3,19.7,12.4,8.6,12.3,194.88395061728394,0.4323669916801032,0.5397260273972603
2021-05-29,15.4,19.1,12.8,5.1,0.3,155.71358024691358,0.3426050376400954,0.5232876712328768
2021-05-30,18.4,26.3,10.8,3.9,18.1,228.48395061728394,0.5093640082318194,0.7205479452054795
2021-05-31,19.9,23.8,16.5,7.4,4.0,284.77777777777777,0.638365696970986,0.6520547945205479
2021-06-01,20.2,23.9,15.9,8.1,3.2,272.358024691358,0.6099048656030309,0.6547945205479452
2021-06-02,23.2,29.7,16.6,3.4,0.0,321.54814814814813,0.7226278641144426,0.8136986301369863
2021-06-03,19.1,22.7,14.6,9.6,18.1,101.53827160493827,0.21845809906269933,0.6219178082191781
2021-06-04,18.5,23.6,13.3,2.6,0.0,325.52592592592595,0.7317432516559488,0.6465753424657534
2021-06-05,20.8,25.7,17.0,3.0,0.0,314.9827160493827,0.7075826651865316,0.7041095890410959
2021-06-06,23.0,28.2,18.4,3.8,0.0,286.93333333333334,0.6433053203873329,0.7726027397260273
2021-06-07,21.1,24.0,19.4,7.8,0.0,301.0962962962963,0.6757608529373509,0.6575342465753424
2021-06-08,23.6,29.5,18.8,5.4,0.1,319.89629629629627,0.7188425169603349,0.8082191780821918
2021-06-09,25.8,31.6,19.5,3.4,0.0,313.1432098765432,0.7033672935425701,0.8657534246575342
2021-06-10,24.9,29.8,20.5,8.5,6.1,203.8246913580247,0.4528553953348478,0.8164383561643835
2021-06-11,21.5,24.4,19.9,6.4,4.6,298.441975308642,0.6696782696927084,0.6684931506849314
2021-06-12,24.2,30.2,18.2,5.0,0.0,286.5654320987654,0.6424622460585405,0.8273972602739725
2021-06-13,24.8,29.7,20.9,3.5,0.0,255.80987654320987,0.5719834954582924,0.8136986301369863
2021-06-14,24.8,30.2,18.9,6.8,0.0,316.5851851851852,0.7112548480012042,0.8273972602739725
2021-06-15,22.5,25.3,21.5,7.0,1.9,241.6074074074074,0.5394374314367263,0.6931506849315069
2021-06-16,24.3,28.9,20.3,2.5,0.0,344.0641975308642,0.7742251446799262,0.7917808219178082
2021-06-17,21.9,25.0,19.6,9.4,0.0,285.8074074074074,0.6407251734482101,0.684931506849315
2021-06-18,20.0,21.4,19.0,9.8,6.3,195.04197530864198,0.4327291175662959,0.5863013698630136
2021-06-19,22.3,27.4,17.5,4.1,0.0,302.12098765432097,0.6781090129806314,0.7506849315068492
2021-06-20,22.9,29.0,17.6,3.1,0.0,283.4395061728395,0.6352989433722919,0.7945205479452054
2021-06-21,23.6,28.5,19.2,3.3,0.0,341.1111111111111,0.7674579171817006,0.7808219178082192
2021-06-22,22.8,28.6,19.7,6.8,0.0,308.1679012345679,0.6919659863444728,0.7835616438356164
2021-06-23,22.4,27.9,18.8,4.4,7.5,312.8740740740741,0.7027505478926482,0.7643835616438356
2021-06-24,23.0,28.0,18.5,3.0,0.0,332.62716049382715,0.7480162836667318,0.7671232876712328
2021-06-25,24.1,29.5,19.5,4.0,0.0,347.82716049382714,0.7828482673448891,0.8082191780821918
2021-06-26,22.8,26.7,19.9,7.3,4.5,261.26666666666665,0.5844881549658829,0.7315068493150685
2021-06-27,24.5,30.8,19.8,5.4,38.2,229.30617283950616,0.5112481944834156,0.8438356164383561
2021-06-28,23.7,29.2,21.0,8.1,0.1,262.66172839506174,0.5876850475549277,0.7999999999999999
2021-06-29,23.9,28.4,21.3,6.5,8.0,276.3135802469136,0.6189693291917913,0.7780821917808218
2021-06-30,24.3,28.8,21.0,6.1,6.0,301.7283950617284,0.6772093564821215,0.7890410958904109
2021-07-01,26.3,31.0,21.4,2.3,0.0,342.85185185185185,0.7714469601467918,0.8493150684931506
2021-07-02,27.1,31.8,23.6,5.8,0.0,340.1358024691358,0.7652229214778553,0.8712328767123287
2021-07-03,22.6,25.7,19.6,8.5,60.0,127.46666666666667,0.27787503548315584,0.7041095890410959
2021-07-04,21.4,23.1,19.8,9.9,21.4,84.64197530864197,0.17973892032494254,0.6328767123287672
2021-07-05,23.3,26.9,20.1,8.9,0.0,338.30123456790125,0.7610188662678373,0.736986301369863
2021-07-06,25.3,30.1,21.0,7.0,0.0,349.8172839506173,0.7874087902241281,0.8246575342465754
2021-07-07,26.4,29.1,23.9,9.4,12.7,297.98765432098764,0.6686371577699044,0.7972602739726028
2021-07-08,26.0,29.8,23.8,7.1,2.9,297.5530864197531,0.6676413115828745,0.8164383561643835
2021-07-09,25.5,29.2,23.6,6.5,0.0,329.54814814814813,0.7409604871029465,0.7999999999999999
2021-07-10,25.9,29.2,23.1,7.4,0.5,267.05925925925925,0.597762331981633,0.7999999999999999
2021-07-11,25.7,27.5,24.1,7.8,0.4,206.9925925925926,0.46011488770961645,0.7534246575342466
2021-07-12,28.1,32.5,23.8,6.6,0.0,315.4864197530864,0.7087369414487708,0.8904109589041096
2021-07-13,28.8,31.5,26.3,6.8,0.0,315.1432098765432,0.7079504492896961,0.863013698630137
2021-07-14,29.7,33.5,26.1,7.0,0.0,303.53333333333336,0.6813455130884785,0.9178082191780822
2021-07-15,29.1,34.5,25.9,5.1,0.0,255.51111111111112,0.5712988512047094,0.9452054794520548
2021-07-16,28.8,35.2,24.2,3.5,0.0,257.3530864197531,0.5755198810656427,0.9643835616438357
2021-07-17,29.1,32.8,24.7,4.8,0.0,259.037037037037,0.5793787850403832,0.8986301369863013
2021-07-18,29.6,34.1,25.7,5.6,0.0,231.61975308641976,0.5165499437859552,0.9342465753424658
2021-07-19,26.4,30.5,24.0,6.9,67.4,234.89382716049383,0.5240527394905096,0.8356164383561644
2021-07-20,27.9,31.8,23.6,7.6,0.0,296.40246913580245,0.6650045824740342,0.8712328767123287
2021-07-21,30.5,35.3,25.3,3.5,0.0,290.29382716049383,0.6510061536858989,0.9671232876712328
2021-07-22,31.2,35.9,26.5,4.0,0.0,283.14074074074074,0.6346142991187088,0.9835616438356164
2021-07-23,31.2,35.8,27.2,2.3,0.0,279.30123456790125,0.6258157717276214,0.9808219178082191
2021-07-24,31.7,36.5,26.9,3.0,0.0,226.6,0.5050467886823662,1.0
2021-07-25,31.5,35.9,27.2,4.9,0.0,199.89382716049383,0.4438475139158052,0.9835616438356164
2021-07-26,31.2,35.4,27.4,1.6,0.0,281.2641975308642,0.6303140542201708,0.9698630136986301
2021-07-27,31.1,35.7,27.8,3.9,0.0,281.01975308641977,0.6297538907399667,0.978082191780822
2021-07-28,30.4,34.7,27.1,3.8,0.0,267.65185185185186,0.5991203040548555,0.9506849315068494
2021-07-29,29.6,33.3,27.0,6.8,0.0,276.09382716049384,0.6184657478813045,0.9123287671232876
2021-07-30,30.5,35.4,25.8,6.5,0.0,279.82469135802467,0.6270153137256345,0.9698630136986301
2021-07-31,29.8,34.3,26.8,6.9,3.0,223.10123456790123,0.4970290952333817,0.9397260273972602
2021-08-01,27.1,28.8,25.1,9.8,21.0,103.32098765432099,0.22254333171631036,0.7890410958904109
2021-08-02,26.5,28.6,25.0,9.0,1.7,245.78765432098766,0.5490167927699167,0.7835616438356164
2021-08-03,28.0,31.4,24.1,6.1,0.0,289.4864197530864,0.6491559167361332,0.8602739726027396
2021-08-04,28.9,33.2,26.3,5.9,0.0,289.8888888888889,0.6500782061025302,0.9095890410958904
2021-08-05,29.4,33.7,25.6,4.6,0.0,291.8641975308642,0.6546047796799385,0.9232876712328768
2021-08-06,28.1,32.2,26.0,7.4,0.0,289.1432098765432,0.6483694245770585,0.8821917808219178
2021-08-07,28.0,32.3,23.4,3.3,0.0,271.2320987654321,0.6073247186639082,0.884931506849315
2021-08-08,26.8,32.1,24.4,8.1,12.7,183.07407407407408,0.40530373990417295,0.8794520547945206
2021-08-09,28.3,33.6,23.3,5.6,0.0,313.2098765432099,0.7035200654008076,0.9205479452054794
2021-08-10,27.7,32.2,24.3,4.5,0.0,322.2345679012346,0.7242008484325921,0.8821917808219178
2021-08-11,27.4,31.6,24.1,5.8,0.0,313.10370370370373,0.703276762071022,0.8657534246575342
2021-08-12,26.8,31.7,24.0,5.9,0.0,259.98765432098764,0.581557198574511,0.8684931506849315
2021-08-13,26.6,30.1,23.4,8.0,0.0,329.9382716049383,0.7418544853844847,0.8246575342465754
2021-08-14,26.1,30.5,23.4,6.5,0.0,311.41234567901233,0.699400883445366,0.8356164383561644
2021-08-15,26.9,32.4,21.7,1.8,0.0,291.0444444444444,0.652726251645314,0.8876712328767122
2021-08-16,27.3,32.8,22.5,3.8,0.0,281.6246913580247,0.6311401538980479,0.8986301369863013
2021-08-17,25.9,31.3,21.9,5.5,9.3,202.53827160493827,0.4499074642925606,0.8575342465753425
2021-08-18,24.3,31.0,20.6,5.3,5.6,291.54567901234566,0.6538748696905814,0.8493150684931506
2021-08-19,26.0,31.5,21.0,4.0,0.0,354.2962962962963,0.7976727958109016,0.863013698630137
2021-08-20,26.6,30.7,22.6,6.9,0.0,338.99753086419753,0.7626144834538737,0.8410958904109589
2021-08-21,23.8,25.5,21.0,8.8,62.8,99.13333333333334,0.21294699573220466,0.6986301369863014
2021-08-22,24.4,27.0,22.4,8.6,0.0,293.93086419753087,0.659340707285302,0.7397260273972602
2021-08-23,22.4,24.0,21.0,9.5,7.4,115.27407407407408,0.24993476007660273,0.6575342465753424
2021-08-24,23.4,26.4,21.1,10.0,10.5,100.5925925925926,0.21629100196251508,0.7232876712328766
2021-08-25,25.0,27.3,23.5,8.4,0.3,295.2493827160494,0.6623621951482221,0.7479452054794521
2021-08-26,25.5,27.9,22.9,8.1,0.7,298.4320987654321,0.6696556368248213,0.7643835616438356
2021-08-27,22.4,25.5,20.4,9.1,0.9,208.2172839506173,0.4629213633276097,0.6986301369863014
2021-08-28,23.6,28.2,19.7,8.4,0.0,326.5135802469136,0.7340065384446529,0.7726027397260273
2021-08-29,23.7,26.3,21.9,8.6,0.9,295.56296296296296,0.6630807887036356,0.7205479452054795
2021-08-30,24.2,27.7,21.2,8.3,0.0,346.58765432098767,0.7800078424250655,0.7589041095890411
2021-08-31,20.5,23.1,18.1,9.9,77.4,61.525925925925925,0.12676669303532118,0.6328767123287672
2021-09-01,21.4,23.9,18.5,9.3,0.8,298.5037037037037,0.6698197251170024,0.6547945205479452
2021-09-02,23.5,26.7,20.7,8.3,0.0,340.77777777777777,0.766694057890513,0.7315068493150685
2021-09-03,24.3,29.2,20.6,1.9,0.0,376.33827160493826,0.8481836987178071,0.7999999999999999
2021-09-04,23.2,28.6,18.5,4.4,0.0,363.42716049382716,0.8185968821724717,0.7835616438356164
2021-09-05,23.1,27.3,19.4,5.8,0.0,339.4493827160494,0.763649937159706,0.7479452054794521
2021-09-06,22.3,26.4,18.0,8.9,12.0,181.39753086419753,0.40146181058034763,0.7232876712328766
2021-09-07,19.6,20.9,17.6,10.0,29.6,36.02716049382716,0.06833428636795098,0.5726027397260274
2021-09-08,22.2,26.9,19.0,4.5,1.6,342.8469135802469,0.7714356437128483,0.736986301369863
2021-09-09,23.5,29.1,19.1,6.5,0.0,357.3703703703704,0.8047172759407434,0.7972602739726028
2021-09-10,23.6,28.9,19.5,3.9,0.0,347.1333333333333,0.7812583083758244,0.7917808219178082
2021-09-11,24.0,29.4,19.9,2.0,0.0,334.3259259259259,0.751909136943303,0.8054794520547944
2021-09-12,24.2,29.8,19.2,1.9,0.0,313.6493827160494,0.704527228021781,0.8164383561643835
2021-09-13,24.8,30.3,20.8,6.9,0.0,349.9851851851852,0.7877935489782077,0.8301369863013699
2021-09-14,24.6,29.5,20.0,2.4,0.0,354.5407407407407,0.7982329592911058,0.8082191780821918
2021-09-15,23.6,28.9,19.5,0.6,0.0,359.67654320987657,0.8100020505923676,0.7917808219178082
2021-09-16,22.9,27.3,18.0,5.1,0.0,358.95061728395063,0.80833853480267,0.7479452054794521
2021-09-17,23.5,28.2,20.5,3.8,0.0,368.5135802469136,0.8302528091342982,0.7726027397260273
2021-09-18,23.9,29.8,18.9,2.3,0.0,317.4469135802469,0.7132295657243486,0.8164383561643835
2021-09-19,23.7,27.8,20.8,6.3,0.0,278.0987654320988,0.623060220062374,0.7616438356164383
2021-09-20,23.7,28.4,19.0,5.9,0.0,258.279012345679,0.5776417124300528,0.7780821917808218
2021-09-21,22.0,26.2,17.4,8.0,68.1,191.8395061728395,0.42539041015392254,0.7178082191780821
2021-09-22,20.2,24.3,16.8,4.1,4.5,288.679012345679,0.6473056797863674,0.6657534246575343
2021-09-23,20.9,25.9,16.9,3.4,0.0,360.02222222222224,0.810794200968414,0.7095890410958904
2021-09-24,21.8,26.9,16.7,1.5,0.0,375.241975308642,0.8456714503823455,0.736986301369863
2021-09-25,21.2,23.1,18.7,8.6,0.0,354.60987654320985,0.798391389366315,0.6328767123287672
2021-09-26,22.6,27.3,18.4,6.8,0.0,343.6592592592593,0.7732971970965575,0.7479452054794521
2021-09-27,21.6,25.0,18.7,8.3,0.0,312.6493827160494,0.702235650148218,0.684931506849315
2021-09-28,21.5,24.4,19.6,9.8,1.3,219.88888888888889,0.4896677549531213,0.6684931506849314
2021-09-29,20.2,21.4,17.8,7.6,13.1,142.66913580246913,0.3127126773782849,0.5863013698630136
2021-09-30,20.3,25.9,16.0,2.0,0.0,360.3160493827161,0.8114675287880536,0.7095890410958904
2021-10-01,21.1,27.5,16.9,2.9,13.3,341.9530864197531,0.7693873691690711,0.7534246575342466
2021-10-02,20.7,26.6,16.4,4.0,0.0,336.2518518518518,0.7563225461812761,0.7287671232876712
2021-10-03,22.3,28.8,17.1,2.0,0.0,334.38271604938274,0.7520392759336535,0.7890410958904109
2021-10-04,22.9,25.6,19.2,9.5,3.6,187.4814814814815,0.41540365719876543,0.7013698630136986
2021-10-05,23.6,26.5,21.7,8.1,0.0,294.27407407407406,0.6601271994443767,0.726027397260274
2021-10-06,18.8,21.7,17.9,9.0,6.4,196.7827160493827,0.436718160531387,0.5945205479452055
2021-10-07,19.4,21.9,17.9,9.4,4.6,288.4395061728395,0.6467568327401068,0.6
2021-10-08,18.8,20.0,17.5,9.5,3.5,173.68148148148148,0.38377988254359624,0.547945205479452
2021-10-09,20.9,24.1,18.5,6.8,0.4,303.0888888888889,0.6803270340335615,0.6602739726027398
2021-10-10,19.9,24.3,14.9,9.8,14.2,89.41234567901235,0.19067059551438373,0.6657534246575343
2021-10-11,15.2,17.8,12.6,8.3,0.3,301.3975308641975,0.6764511554079056,0.4876712328767123
2021-10-12,17.9,21.3,15.8,6.9,0.0,338.0567901234568,0.7604587027876331,0.5835616438356165
2021-10-13,19.6,25.2,14.9,2.1,0.0,361.39012345679015,0.8139288531707694,0.6904109589041095
2021-10-14,19.7,23.9,17.4,5.8,0.0,358.17283950617286,0.8065561964565655,0.6547945205479452
2021-10-15,19.0,21.4,17.0,9.6,0.0,316.09382716049384,0.7101288628238238,0.5863013698630136
2021-10-16,10.7,18.1,4.2,6.1,0.0,205.65432098765433,0.4570481341109223,0.4958904109589041
2021-10-17,5.6,10.8,1.3,0.0,0.0,171.59259259259258,0.37899303098548687,0.2958904109589041
2021-10-18,9.6,16.1,2.8,6.6,5.6,220.879012345679,0.49193669995879724,0.4410958904109589
2021-10-19,10.9,15.0,7.1,4.0,4.4,259.5777777777778,0.5806179345571988,0.410958904109589
2021-10-20,9.5,15.8,4.6,0.3,0.0,287.22716049382717,0.6439786482069724,0.4328767123287671
2021-10-21,9.8,16.2,4.9,3.3,0.0,287.40987654320986,0.6443973562628826,0.4438356164383561
2021-10-22,10.8,17.2,5.2,0.8,0.0,300.22716049382717,0.6737691605632912,0.4712328767123288
2021-10-23,11.4,18.4,5.7,0.3,0.0,264.86913580246915,0.5927434935276815,0.5041095890410958
2021-10-24,11.4,18.1,6.0,0.3,0.0,244.58271604938273,0.5462555828876976,0.4958904109589041
2021-10-25,11.7,17.6,6.3,0.8,0.0,287.0740740740741,0.6436278387547232,0.4821917808219178
2021-10-26,13.0,19.0,7.7,3.6,0.0,309.0543209876543,0.6939972862373347,0.5205479452054794
2021-10-27,13.4,18.1,9.8,2.5,0.0,303.8222222222222,0.6820075244741743,0.4958904109589041
2021-10-28,12.7,20.0,7.1,0.0,0.0,312.13827160493827,0.7010643992350636,0.547945205479452
2021-10-29,14.6,20.6,10.5,4.6,0.0,319.2148148148148,0.717280849076129,0.5643835616438356
2021-10-30,13.8,18.0,11.0,6.1,0.0,276.1802469135802,0.6186637854753161,0.4931506849315068
2021-10-31,14.1,20.3,9.2,3.8,0.7,238.1037037037037,0.5314084215537982,0.5561643835616439
2021-11-01,12.9,16.9,10.3,3.0,0.0,296.07654320987655,0.6642576978337619,0.46301369863013697
2021-11-02,11.5,16.9,7.9,4.0,0.0,316.50864197530865,0.7110794432750795,0.46301369863013697
2021-11-03,12.1,17.1,7.6,3.0,0.0,319.9851851851852,0.7190462127713183,0.4684931506849315
2021-11-04,12.1,16.3,8.4,2.4,0.0,306.15555555555557,0.687354539512488,0.4465753424657534
2021-11-05,13.0,20.2,7.8,0.6,0.0,321.1061728395062,0.7216150432764976,0.5534246575342465
2021-11-06,14.1,21.3,8.8,1.3,0.0,293.4148148148148,0.658158139938204,0.5835616438356165
2021-11-07,15.3,21.3,9.7,7.0,0.0,276.2864197530864,0.6189070888051018,0.5835616438356165
2021-11-08,8.6,15.5,4.5,9.9,25.7,45.849382716049384,0.09084267348161407,0.4246575342465753
2021-11-09,4.9,6.5,3.0,8.1,2.0,96.09135802469136,0.20597607242299576,0.1780821917808219
2021-11-10,4.2,7.7,0.7,7.4,0.3,203.48888888888888,0.45208587782668835,0.21095890410958903
2021-11-11,5.3,9.7,2.1,3.0,0.0,232.00246913580247,0.5174269674165781,0.2657534246575342
2021-11-12,4.5,8.6,1.3,1.3,0.0,230.53333333333333,0.5140603283183807,0.2356164383561644
2021-11-13,7.3,13.4,0.5,4.5,0.0,221.22962962962964,0.4927401667687873,0.36712328767123287
2021-11-14,11.3,16.4,7.8,3.4,0.0,218.90123456790124,0.4874044681644171,0.44931506849315067
2021-11-15,10.1,15.7,5.8,3.6,0.0,265.9432098765432,0.5952048179103973,0.4301369863013698
2021-11-16,8.5,13.6,4.4,0.0,0.0,266.6716049382716,0.5968739919170667,0.37260273972602737
2021-11-17,7.5,12.5,2.7,3.5,0.0,267.77777777777777,0.5994088731204152,0.3424657534246575
2021-11-18,11.9,16.2,7.7,7.5,0.0,261.2172839506173,0.5843749906264478,0.4438356164383561
2021-11-19,12.9,16.7,10.2,6.5,0.0,280.8172839506173,0.6292899169482823,0.4575342465753425
2021-11-20,10.4,15.6,6.8,3.3,0.0,214.96543209876543,0.47838527031143097,0.42739726027397257
2021-11-21,10.4,13.1,7.6,8.9,5.9,162.88395061728394,0.35903649972608775,0.35890410958904106
2021-11-22,2.7,7.5,0.6,3.3,1.3,179.1851851851852,0.39639204817365026,0.2054794520547945
2021-11-23,0.6,2.3,3.7,2.9,0.0,180.25432098765432,0.3988420561224226,0.06301369863013698
2021-11-24,4.1,9.1,2.6,3.9,0.0,216.9185185185185,0.4828609199360935,0.2493150684931507
2021-11-25,5.7,9.9,2.6,1.9,0.0,226.45925925925926,0.5047242703149759,0.27123287671232876
2021-11-26,2.9,7.2,0.5,1.4,0.0,211.86913580246915,0.4712898662288434,0.19726027397260273
2021-11-27,3.4,10.1,1.4,0.0,0.0,176.18024691358025,0.3895059981190178,0.27671232876712326
2021-11-28,5.1,12.4,1.3,4.0,0.0,165.15555555555557,0.3642420593401074,0.33972602739726027
2021-11-29,7.6,13.7,2.5,7.0,0.0,234.22962962962964,0.5225306791251061,0.3753424657534246
2021-11-30,5.7,8.9,0.7,9.0,27.2,70.58518518518518,0.14752669110471028,0.24383561643835616
2021-12-01,1.3,1.5,3.0,0.6,0.0,155.02469135802468,0.34102639510497423,0.0410958904109589
2021-12-02,1.3,5.0,4.6,4.5,0.1,161.84444444444443,0.35665439038097657,0.136986301369863
2021-12-03,1.9,4.6,1.8,1.4,0.4,173.0543209876543,0.38234269543276905,0.12602739726027395
2021-12-04,1.4,7.0,2.7,1.0,0.0,146.85185185185185,0.3222976969284471,0.1917808219178082
2021-12-05,2.9,9.6,2.3,0.0,0.0,143.34567901234567,0.3142630288285473,0.26301369863013696
2021-12-06,5.4,12.1,0.7,4.1,0.0,207.45679012345678,0.46117863250030744,0.33150684931506846
2021-12-07,6.8,13.3,2.6,0.0,0.0,220.6888888888889,0.4915010172519717,0.3643835616438356
2021-12-08,6.7,13.3,1.9,1.6,0.0,224.67407407407407,0.500633379444393,0.3643835616438356
2021-12-09,6.5,9.7,2.7,6.9,0.0,218.8469135802469,0.4872799873910384,0.2657534246575342
2021-12-10,7.0,8.2,5.8,8.1,0.7,180.81975308641975,0.4001377878089557,0.22465753424657534
2021-12-11,6.0,9.8,4.4,8.1,0.0,172.31358024691357,0.3806452303412409,0.2684931506849315
2021-12-12,1.2,5.1,3.8,2.5,0.0,114.15555555555555,0.24737158778839521,0.13972602739726026
2021-12-13,2.2,1.9,5.9,2.1,0.0,153.6246913580247,0.3378181860819861,0.05205479452054794
2021-12-14,3.7,8.2,0.7,9.0,1.2,138.96296296296296,0.30421969370367247,0.22465753424657534
2021-12-15,7.2,10.0,5.4,7.3,2.1,167.61481481481482,0.3698776434439808,0.273972602739726
2021-12-16,6.4,9.8,3.3,7.1,0.0,199.1530864197531,0.44215004882427705,0.2684931506849315
2021-12-17,5.6,3.2,10.1,1.4,0.0,119.36296296296297,0.25930476738183805,0.08767123287671233
2021-12-18,5.7,1.8,11.2,4.1,2.8,58.72592592592593,0.12035027498934482,0.049315068493150684
2021-12-19,0.8,4.2,5.8,0.6,0.2,48.89876543209876,0.0978305714417382,0.11506849315068493
2021-12-20,5.2,11.1,0.9,4.6,0.0,156.37037037037038,0.3441101233545837,0.30410958904109586
2021-12-21,5.2,8.9,0.8,1.4,0.0,176.68148148148148,0.39065461616428515,0.24383561643835616
2021-12-22,2.2,8.2,2.6,0.0,0.0,181.83703703703705,0.402468973201321,0.22465753424657534
2021-12-23,2.7,8.3,1.5,2.8,0.0,185.3283950617284,0.41046969199939026,0.2273972602739726
2021-12-24,0.3,3.2,7.3,6.1,0.2,136.3358024691358,0.2981993508457194,0.08767123287671233
2021-12-25,11.7,7.3,14.4,0.0,0.0,46.565432098765434,0.0924835564034246,0.19999999999999998
2021-12-26,12.1,7.3,15.5,0.0,0.0,40.7037037037037,0.07905094931246527,0.19999999999999998
2021-12-27,7.6,3.9,12.9,3.1,0.0,104.99012345679013,0.22636828638922044,0.10684931506849314
2021-12-28,4.1,0.9,8.5,4.1,0.0,126.58765432098765,0.2758607102412091,0.024657534246575342
2021-12-29,0.4,5.9,3.8,5.1,0.2,128.43703703703704,0.2800987147530577,0.16164383561643836
2021-12-30,3.9,0.2,6.8,2.0,0.0,120.97037037037038,0.2629882666304541,0.005479452054794521
2021-12-31,6.7,3.9,8.8,0.0,0.0,100.2567901234568,0.21552148445435565,0.10684931506849314
2022-01-01,4.3,2.3,10.2,1.4,0.0,70.32530120481928,0.1469311467256103,0.06301369863013698
2022-01-02,1.3,3.0,5.2,4.1,0.3,69.6722891566265,0.14543471876480168,0.0821917808219178
2022-01-03,1.9,2.5,8.0,4.9,0.0,129.09156626506024,0.2815986194495959,0.0684931506849315
2022-01-04,2.5,1.0,5.6,0.0,0.0,135.7686746987952,0.29689973339572373,0.0273972602739726
2022-01-05,2.8,1.9,7.8,7.3,0.0,138.344578313253,0.3028026171230462,0.05205479452054794
2022-01-06,2.2,3.3,5.9,0.0,0.0,143.88915662650604,0.31550845010393397,0.09041095890410958
2022-01-07,1.6,4.5,5.9,0.0,0.0,145.59518072289157,0.31941793717497635,0.1232876712328767
2022-01-08,0.3,3.7,5.0,5.9,0.0,109.3156626506024,0.2362805962969901,0.10136986301369863
2022-01-09,1.3,5.6,1.2,3.1,0.0,92.29879518072289,0.1972851193256605,0.15342465753424656
2022-01-10,0.5,4.4,3.4,7.0,0.9,141.46024096385543,0.3099424007146533,0.12054794520547946
2022-01-11,7.4,0.3,10.3,0.4,0.2,95.6987951807229,0.20507648409577467,0.00821917808219178
2022-01-12,7.7,3.4,11.3,2.8,0.0,109.16626506024096,0.2359382400845542,0.09315068493150684
2022-01-13,6.4,3.1,8.9,2.3,0.0,105.73734939759036,0.22808061282171055,0.08493150684931507
2022-01-14,4.8,1.3,10.1,2.6,0.0,120.69156626506025,0.26234936531166686,0.03561643835616438
2022-01-15,1.0,1.8,5.3,8.5,0.0,100.7710843373494,0.2167000296954134,0.049315068493150684
2022-01-16,2.0,2.4,7.2,1.6,0.0,78.15180722891566,0.16486619475773695,0.06575342465753424
2022-01-17,5.8,0.1,9.2,2.5,0.5,88.20481927710843,0.18790345473003758,0.0027397260273972603
2022-01-18,5.6,0.7,9.9,0.3,0.0,110.88674698795181,0.23988085840196138,0.01917808219178082
2022-01-19,5.3,2.7,7.7,5.1,1.7,65.3132530120482,0.13544564798582473,0.07397260273972603
2022-01-20,5.0,0.9,9.8,0.0,0.0,100.16385542168675,0.21530851734809323,0.024657534246575342
2022-01-21,2.7,4.6,8.7,0.0,0.0,123.41927710843373,0.2686001271258194,0.12602739726027395
2022-01-22,0.3,7.1,5.0,5.9,0.0,106.75662650602409,0.23041636569042653,0.19452054794520546
2022-01-23,2.0,6.7,0.6,4.8,0.0,100.49156626506024,0.2160594922656946,0.18356164383561643
2022-01-24,4.6,8.4,1.3,4.9,0.0,153.96144578313252,0.3385898850713876,0.23013698630136986
2022-01-25,2.8,4.5,1.9,9.4,0.7,115.64096385542169,0.25077551658157526,0.1232876712328767
2022-01-26,1.3,6.8,1.9,2.4,0.0,152.4,0.33501171046399286,0.18630136986301368
2022-01-27,1.1,4.0,4.6,2.1,0.0,143.16385542168675,0.3138463659113015,0.1095890410958904
2022-01-28,2.7,2.1,5.9,2.0,0.0,135.3012048192771,0.2958284897632629,0.057534246575342465
2022-01-29,3.6,0.9,7.2,0.8,0.0,91.62409638554217,0.1957389944953048,0.024657534246575342
2022-01-30,2.8,2.4,8.0,0.6,0.0,76.84578313253012,0.16187333883611976,0.06575342465753424
2022-01-31,0.7,4.8,6.8,3.3,1.2,71.21204819277108,0.14896319650264928,0.13150684931506848
2022-02-01,1.3,0.9,2.7,6.6,1.7,34.24578313253012,0.06425212142233667,0.024657534246575342
2022-02-02,3.4,0.0,6.0,3.5,0.0,69.26024096385542,0.14449047824340586,0.0
2022-02-03,3.4,0.4,6.9,1.5,0.0,112.86746987951807,0.2444198391539343,0.010958904109589041
2022-02-04,5.2,0.7,8.2,1.9,0.0,110.33012048192771,0.23860530541691788,0.01917808219178082
2022-02-05,6.6,2.0,9.7,0.9,0.0,75.51566265060241,0.15882526417056128,0.0547945205479452
2022-02-06,3.9,1.7,8.4,1.0,0.0,74.88915662650602,0.1573895768280881,0.04657534246575342
2022-02-07,2.5,1.9,7.3,6.1,0.0,126.39277108433735,0.27541412012817296,0.05205479452054794
2022-02-08,0.1,5.6,4.1,1.5,0.0,141.99277108433736,0.31116273495575547,0.15342465753424656
2022-02-09,1.0,7.2,4.3,5.5,0.0,151.55421686746988,0.33307353255165406,0.19726027397260273
2022-02-10,1.4,6.7,3.2,1.6,0.0,156.45060240963855,0.34429398132052147,0.18356164383561643
2022-02-11,2.9,8.8,2.6,2.6,0.0,161.455421686747,0.3557629144371247,0.2410958904109589
2022-02-12,4.8,10.4,0.1,3.5,0.0,141.0578313253012,0.3090202476908339,0.28493150684931506
2022-02-13,4.8,9.5,1.6,5.3,0.0,126.23855421686747,0.27506072016694877,0.2602739726027397
2022-02-14,2.5,8.1,1.3,6.6,1.7,112.69156626506025,0.244016742323163,0.22191780821917806
2022-02-15,4.7,1.3,7.7,5.6,0.0,115.07469879518072,0.24947787609895525,0.03561643835616438
2022-02-16,7.3,4.1,9.6,0.9,0.0,102.46265060240964,0.22057638552009104,0.11232876712328767
2022-02-17,6.2,0.5,10.7,0.0,0.0,111.3132530120482,0.24085823016972197,0.0136986301369863
2022-02-18,1.2,5.7,8.0,3.9,0.0,137.2457831325301,0.3002846423993239,0.15616438356164383
2022-02-19,1.7,3.7,6.2,6.5,0.1,95.54939759036145,0.20473412788333875,0.10136986301369863
2022-02-20,4.8,0.5,8.4,0.1,0.0,74.33012048192771,0.15610850196865048,0.0136986301369863
2022-02-21,3.0,3.6,8.1,2.5,0.1,117.3012048192771,0.25458008803912924,0.09863013698630137
2022-02-22,4.5,0.5,8.0,1.0,0.0,116.62168674698795,0.25302291945998523,0.0136986301369863
2022-02-23,5.6,0.6,10.0,0.0,0.0,113.81686746987951,0.2465954576652206,0.01643835616438356
2022-02-24,2.4,3.7,8.5,0.0,0.0,129.47951807228915,0.28248764122705045,0.10136986301369863
2022-02-25,3.0,8.4,3.6,3.8,0.0,148.3686746987952,0.3257736146026173,0.23013698630136986
2022-02-26,5.4,9.3,1.0,8.0,1.1,92.53734939759036,0.19783178489067915,0.2547945205479452
2022-02-27,3.7,9.1,1.6,0.0,0.0,127.60722891566265,0.27819714482281327,0.2493150684931507
2022-02-28,6.8,11.5,2.7,8.0,0.0,174.8,0.3863430548318037,0.3150684931506849
2022-03-01,5.8,9.7,0.3,6.1,2.3,119.87469879518072,0.26047744989205757,0.2657534246575342
2022-03-02,3.5,8.8,2.3,1.0,0.0,170.18072289156626,0.37575762161826093,0.2410958904109589
2022-03-03,5.8,12.4,0.9,0.0,0.0,187.2289156626506,0.4148248829567142,0.33972602739726027
2022-03-04,6.9,14.6,0.6,5.1,0.0,175.82650602409637,0.3886953733237021,0.39999999999999997
2022-03-05,2.3,6.7,0.7,0.1,0.0,134.91084337349398,0.29493394611141427,0.18356164383561643
2022-03-06,1.4,6.8,3.0,1.3,0.0,129.81927710843374,0.2832662255166225,0.18630136986301368
2022-03-07,2.8,8.7,2.7,6.1,0.0,173.68192771084338,0.3837809051129285,0.23835616438356164
2022-03-08,6.0,12.3,1.1,4.9,0.0,195.59036144578315,0.4339857871043373,0.336986301369863
2022-03-09,7.1,14.8,1.7,2.3,0.0,213.55421686746988,0.47515136071255903,0.4054794520547945
2022-03-10,9.3,15.8,4.2,6.6,0.0,208.27710843373495,0.46305845578941945,0.4328767123287671
2022-03-11,11.2,18.4,5.1,5.3,0.0,234.41927710843373,0.5229652710913105,0.5041095890410958
2022-03-12,12.8,19.5,6.3,5.8,2.6,194.46746987951806,0.4314125936366737,0.5342465753424658
2022-03-13,11.7,12.6,10.7,9.4,42.1,90.53253012048192,0.19323758539476493,0.34520547945205476
2022-03-14,8.2,13.2,4.9,6.4,8.7,116.5710843373494,0.2529069600977086,0.3616438356164383
2022-03-15,7.2,13.3,2.3,3.8,0.0,217.53493975903615,0.48427349721165797,0.3643835616438356
2022-03-16,10.3,16.8,3.6,3.8,0.0,236.50843373493976,0.5277527361910193,0.4602739726027397
2022-03-17,10.7,15.1,7.8,10.0,1.2,183.81927710843374,0.40701143068902357,0.41369863013698627
2022-03-18,7.5,9.6,5.5,9.1,0.0,187.6024096385542,0.41568077348780397,0.26301369863013696
2022-03-19,3.4,6.1,0.9,8.9,14.6,80.68915662650602,0.17068072849475338,0.16712328767123286
2022-03-20,5.4,9.3,2.2,5.1,0.0,162.4,0.3579274891996227,0.2547945205479452
2022-03-21,5.0,10.9,0.3,7.5,0.0,204.2313253012048,0.45378722868167903,0.29863013698630136
2022-03-22,7.1,13.6,1.1,2.5,0.0,231.44578313253012,0.516151278088957,0.37260273972602737
2022-03-23,6.2,8.2,4.9,9.0,0.0,209.13975903614457,0.4650352868225171,0.22465753424657534
2022-03-24,8.2,12.4,3.9,8.4,0.0,228.76144578313253,0.5099999100138988,0.33972602739726027
2022-03-25,12.0,17.2,6.3,7.9,10.9,193.7710843373494,0.42981677193677087,0.4712328767123288
2022-03-26,11.8,14.7,9.5,8.3,19.8,149.17349397590363,0.32761792065025597,0.4027397260273972
2022-03-27,8.1,12.6,5.0,0.3,0.0,209.19518072289156,0.46516228993358205,0.34520547945205476
2022-03-28,8.2,15.1,1.5,0.5,0.0,251.30361445783132,0.5616570449709631,0.41369863013698627
2022-03-29,9.7,15.6,3.3,1.4,0.0,271.9156626506024,0.6088911585383312,0.42739726027397257
2022-03-30,10.8,15.7,5.9,7.0,0.4,211.6409638554217,0.47076699244362163,0.4301369863013698
2022-03-31,10.9,14.7,7.6,7.0,0.0,266.3325301204819,0.5960969755671374,0.4027397260273972
2022-04-01,9.2,14.9,4.5,1.1,0.0,282.73253012048195,0.6336788526935704,0.40821917808219177
2022-04-02,8.2,14.2,3.7,0.5,0.0,258.55903614457833,0.5782834087716816,0.3890410958904109
2022-04-03,9.6,17.0,3.5,0.0,0.0,268.3277108433735,0.6006690875654751,0.4657534246575342
2022-04-04,10.3,16.4,5.1,0.0,0.0,283.48915662650603,0.6354127212533264,0.44931506849315067
2022-04-05,10.3,15.8,4.9,6.1,0.0,296.0433734939759,0.6641816868467315,0.4328767123287671
2022-04-06,11.7,17.0,8.0,6.4,0.0,307.97831325301206,0.6915315307208459,0.4657534246575342
2022-04-07,10.9,15.7,7.4,2.4,0.0,305.53493975903615,0.6859323500852005,0.4301369863013698
2022-04-08,12.9,20.0,5.1,0.0,0.0,345.89156626506025,0.7784127024380507,0.547945205479452
2022-04-09,17.8,24.2,12.4,2.4,0.5,356.6433734939759,0.8030513059846484,0.6630136986301369
2022-04-10,18.2,25.1,12.7,1.5,0.0,363.58795180722893,0.8189653479885243,0.6876712328767124
2022-04-11,19.6,26.6,13.4,2.8,0.0,365.6722891566265,0.8237417693394448,0.7287671232876712
2022-04-12,19.3,26.4,15.9,8.6,0.5,286.75180722891565,0.6428893391829752,0.7232876712328766
2022-04-13,13.1,15.9,12.0,10.0,1.3,221.9012048192771,0.49427913361381726,0.43561643835616437
2022-04-14,13.2,15.3,11.4,9.3,0.0,295.55180722891566,0.6630552244703295,0.4191780821917808
2022-04-15,13.3,19.3,7.5,1.0,0.0,340.44819277108434,0.7659387881817162,0.5287671232876713
2022-04-16,13.2,20.2,7.1,0.3,0.0,323.4722891566265,0.7270371830750868,0.5534246575342465
2022-04-17,14.0,21.9,7.2,2.6,0.0,313.07710843373496,0.7032158169388201,0.6
2022-04-18,15.2,21.6,11.4,4.8,0.0,335.4843373493976,0.7545637269298133,0.5917808219178082
2022-04-19,15.2,22.1,8.9,0.0,0.0,348.0650602409639,0.7833934331415539,0.6054794520547946
2022-04-20,15.7,22.1,9.7,0.0,0.0,356.8168674698795,0.8034488809410255,0.6054794520547946
2022-04-21,16.3,22.7,9.6,5.3,0.0,359.1421686746988,0.8087774897313587,0.6219178082191781
2022-04-22,15.0,16.8,13.2,8.5,0.0,311.4963855421687,0.6995934673362724,0.4602739726027397
2022-04-23,17.7,25.3,10.4,6.0,0.0,353.1807228915663,0.795116372480287,0.6931506849315069
2022-04-24,18.5,24.5,15.0,6.4,0.3,320.6843373493976,0.7206483744010811,0.6712328767123288
2022-04-25,20.0,23.6,17.0,10.0,1.3,312.84578313253013,0.7026857169969838,0.6465753424657534
2022-04-26,21.9,28.7,17.0,5.0,1.0,367.14939759036145,0.827126678343045,0.7863013698630137
2022-04-27,17.7,23.9,12.6,0.4,0.0,376.26506024096386,0.84801592917603,0.6547945205479452
2022-04-28,18.2,25.9,11.6,5.8,0.0,378.421686746988,0.8529580067587743,0.7095890410958904
2022-04-29,13.4,16.5,10.7,8.8,15.5,277.8819277108434,0.6225633195381913,0.4520547945205479
2022-04-30,13.0,17.8,10.5,8.0,0.0,302.5831325301205,0.6791680539523941,0.4876712328767123
2022-05-01,13.4,19.2,7.9,1.3,0.0,298.32289156626507,0.6694053800235764,0.5260273972602739
2022-05-02,14.2,19.4,9.1,2.0,0.0,375.5855421686747,0.846458760596886,0.5315068493150684
2022-05-03,14.8,20.8,9.1,1.0,0.0,389.4698795180723,0.8782758008558496,0.5698630136986301
2022-05-04,17.8,25.2,10.0,0.0,0.0,408.12048192771084,0.9210151086663978,0.6904109589041095
2022-05-05,18.9,25.8,12.5,0.5,0.0,389.33493975903616,0.8779665758897784,0.7068493150684931
2022-05-06,19.6,25.6,13.7,5.3,0.0,403.8289156626506,0.9111806503704564,0.7013698630136986
2022-05-07,18.4,23.1,15.3,8.6,0.5,345.4698795180723,0.7774463744190783,0.6328767123287672
2022-05-08,15.3,18.2,11.7,9.1,2.0,201.08192771084336,0.4465701388485542,0.4986301369863014
2022-05-09,17.9,25.3,11.0,3.1,0.0,399.0939759036145,0.9003301671859956,0.6931506849315069
2022-05-10,19.9,26.3,13.6,7.3,0.0,414.36385542168676,0.9353222852215826,0.7205479452054795
2022-05-11,19.7,25.2,16.6,6.9,0.0,414.9132530120482,0.9365812725834437,0.6904109589041095
2022-05-12,20.9,28.1,14.1,3.9,0.0,418.59518072289154,0.9450186966576707,0.7698630136986302
2022-05-13,19.4,25.2,15.0,5.9,0.0,418.96867469879516,0.9458745871887605,0.6904109589041095
2022-05-14,15.7,20.0,11.9,4.4,0.0,356.56626506024094,0.8028746060040362,0.547945205479452
2022-05-15,16.2,22.4,10.5,2.0,0.0,352.6843373493976,0.7939788663550966,0.6136986301369862
2022-05-16,17.3,23.7,10.9,0.5,0.0,409.68192771084335,0.9245932832737924,0.6493150684931507
2022-05-17,20.0,27.4,13.0,0.3,0.0,420.8771084337349,0.9502479117089097,0.7506849315068492
2022-05-18,20.0,25.4,15.7,4.3,1.5,356.21927710843374,0.8020794560912818,0.695890410958904
2022-05-19,19.9,24.2,16.1,4.9,0.0,412.889156626506,0.9319428980923764,0.6630136986301369
2022-05-20,20.6,25.8,15.6,5.0,0.0,427.65060240963857,0.9657699006308026,0.7068493150684931
2022-05-21,20.1,26.0,16.1,3.6,0.0,383.0650602409639,0.8635986587162583,0.7123287671232876
2022-05-22,20.3,25.8,15.7,3.8,0.0,359.544578313253,0.809699642755178,0.7068493150684931
2022-05-23,23.0,30.7,17.8,3.0,0.0,407.83373493975904,0.9203580056134966,0.8410958904109589
2022-05-24,22.9,30.2,16.7,3.4,0.0,426.36385542168676,0.9628212197043384,0.8273972602739725
2022-05-25,21.0,26.7,16.7,6.5,3.5,323.34216867469877,0.7267390018578038,0.7315068493150685
2022-05-26,18.7,23.5,14.1,4.5,0.0,416.1156626506024,0.9393366879061134,0.6438356164383562
2022-05-27,20.0,25.6,16.0,2.4,0.0,442.58795180722893,1.0,0.7013698630136986
2022-05-28,22.3,29.3,15.0,2.1,0.0,396.06265060240963,0.8933836491981829,0.8027397260273973
2022-05-29,23.1,29.7,19.3,6.0,0.0,358.5397590361446,0.8073970211328269,0.8136986301369863
2022-05-30,20.8,24.7,17.2,7.9,0.0,389.24819277108435,0.8777677884115899,0.6767123287671233
2022-05-31,20.7,27.2,14.2,1.4,0.0,442.2216867469879,0.9991606750920925,0.7452054794520547
2022-06-01,22.1,28.6,16.2,0.6,0.0,413.6265060240964,0.9336325916569795,0.7835616438356164
2022-06-02,21.5,26.9,17.1,3.9,0.0,427.92289156626504,0.9663938724373389,0.736986301369863
2022-06-03,24.5,32.6,18.7,4.1,0.0,435.58795180722893,0.9839589548850591,0.8931506849315068
2022-06-04,25.6,29.7,20.3,7.0,0.0,379.51807228915663,0.8554704596081023,0.8136986301369863
2022-06-05,22.7,27.0,20.2,9.1,0.0,304.6144578313253,0.6838229940666437,0.7397260273972602
2022-06-06,19.7,24.5,16.7,6.9,4.3,329.30120481927713,0.7403945972344818,0.6712328767123288
2022-06-07,20.6,25.1,15.1,6.4,0.0,432.310843373494,0.9764492057090455,0.6876712328767124
2022-06-08,21.2,25.8,16.2,6.4,0.0,440.70361445783135,0.9956818942237922,0.7068493150684931
2022-06-09,20.9,24.5,18.5,5.5,2.6,363.421686746988,0.8185843386553295,0.6712328767123288
2022-06-10,20.9,26.6,17.2,5.6,1.2,374.03132530120484,0.8428971516126736,0.7287671232876712
2022-06-11,24.6,32.7,17.7,3.4,0.0,385.8313253012048,0.8699377705207167,0.8958904109589042
2022-06-12,24.6,31.5,18.9,5.8,0.0,345.7012048192771,0.7779764743609145,0.863013698630137
2022-06-13,23.6,29.2,19.6,7.5,18.0,409.5325301204819,0.9242509270613566,0.7999999999999999
2022-06-14,21.5,27.1,17.7,7.8,0.0,401.68674698795184,0.906271704034077,0.7424657534246576
2022-06-15,17.5,20.1,14.9,9.8,18.5,177.07951807228915,0.39156674800864844,0.5506849315068494
2022-06-16,20.3,24.8,17.6,5.6,0.7,385.48192771084337,0.8691370987335683,0.6794520547945205
2022-06-17,22.5,28.1,16.5,5.8,0.0,437.09156626506024,0.9874046045069947,0.7698630136986302
2022-06-18,23.3,25.1,22.0,7.6,0.0,369.00963855421685,0.8313895653753115,0.6876712328767124
2022-06-19,23.4,25.1,22.3,8.6,0.0,345.6963855421687,0.7779654306121263,0.6876712328767124
2022-06-20,25.2,29.0,22.0,6.0,0.0,436.3036144578313,0.985598951580115,0.7945205479452054
2022-06-21,26.5,32.6,21.2,3.1,0.0,430.33734939759034,0.9719267905802549,0.8931506849315068
2022-06-22,25.9,31.0,21.9,6.1,0.0,438.9951807228916,0.9917668852783557,0.8493150684931506
2022-06-23,24.3,26.4,23.3,8.9,103.0,131.50843373493976,0.287137059466906,0.7232876712328766
2022-06-24,22.6,24.9,20.6,8.4,19.1,366.69397590361444,0.8260830440825548,0.6821917808219178
2022-06-25,26.0,30.5,21.5,7.5,0.0,353.6602409638554,0.7962152254847182,0.8356164383561644
2022-06-26,26.5,28.1,24.8,10.0,0.0,295.1180722891566,0.6620612870793865,0.7698630136986302
2022-06-27,26.8,28.1,25.4,10.0,6.1,228.33975903614459,0.5090335819949264,0.7698630136986302
2022-06-28,26.9,27.9,25.7,10.0,6.3,269.8867469879518,0.6042417402984758,0.7643835616438356
2022-06-29,25.1,26.1,24.4,10.0,37.8,126.90120481927711,0.2765792356253339,0.715068493150685
2022-06-30,22.3,24.5,21.2,10.0,176.2,21.195180722891568,0.03434564970374122,0.6712328767123288
